strategy,symbol,timeframe,profile,trades,win_rate,profit_factor,expectancy,sharpe,max_dd_pct,net_return_pct,gross_profit,gross_loss,avg_win_pct,avg_loss_pct,hodl_return_pct
SuperTrend (Triple),INDIGO,15min,Intraday,89,51.6854,1.9807,0.4686,4.6768,5.249,49.9416,84224.8228,42522.7235,1.831,-0.9889,7.2569
ORB + VWAP,THANGAMAYL,5min,Intraday,95,47.3684,1.7053,0.427,3.768,8.91,47.6666,98085.3167,57517.9461,2.1797,-1.1504,46.6111
ORB + VWAP,ACUTAAS,5min,Aggressive,69,42.029,2.2258,0.5608,5.0443,4.5601,45.574,70266.3881,31569.4791,2.423,-0.7892,51.2271
Flow Navigator (Vol),THANGAMAYL,1h,Aggressive,15,46.6667,2.8445,2.7008,6.7918,19.9876,45.2953,62476.2035,21964.0275,8.9252,-2.7455,46.6111
SuperTrend (Triple),KAYNES,15min,Intraday,86,51.1628,1.6196,0.4443,3.4324,7.634,43.8455,99885.0637,61673.7867,2.2701,-1.4684,-6.669
SuperTrend (Triple),NETWEB,1h,Aggressive,26,38.4615,1.9841,1.4522,4.4613,12.4951,40.9298,76125.2766,38368.1157,7.6125,-2.398,65.5562
ORB + VWAP,THANGAMAYL,5min,Aggressive,87,35.6322,1.701,0.406,3.372,6.2301,40.0868,85708.787,50388.2958,2.7648,-0.8998,46.6111
SuperTrend (Triple),NETWEB,1h,Scalping,37,54.0541,2.3129,0.9304,6.1152,5.2944,39.4246,60644.5377,26219.6246,3.0322,-1.5423,65.5562
SuperTrend (Triple),INDIGO,15min,Aggressive,82,36.5854,1.7667,0.3821,3.5067,6.2248,35.0991,72199.7435,40867.9193,2.4067,-0.7859,7.2569
SuperTrend (Triple),KAYNES,1h,Aggressive,25,44.0,1.972,1.1558,4.7452,12.0349,30.9798,58622.1438,29726.91,5.3293,-2.1234,-6.669
Flow Navigator (Vol),ACUTAAS,1h,Aggressive,16,50.0,2.4428,1.7648,6.3265,5.9973,30.4364,47807.8632,19570.8751,5.976,-2.4464,51.2271
Adaptive Edge (Vol+IB),NETWEB,15min,Aggressive,103,32.0388,1.3074,0.2814,1.7343,12.2599,29.2289,123280.1547,94292.1951,3.7358,-1.347,65.5562
ORB + VWAP,DATAPATTNS,5min,Aggressive,84,33.3333,1.4911,0.3154,2.5396,11.0955,28.2342,80435.2844,53943.887,2.8727,-0.9633,63.7584
SuperTrend (Triple),DATAPATTNS,1h,Aggressive,22,40.9091,1.7212,1.2458,3.7439,16.5664,27.6649,65415.2704,38006.5953,7.2684,-2.9236,63.7584
SuperTrend (Triple),MCX,1h,Intraday,25,52.0,1.9564,1.0218,4.9254,5.9837,27.305,52255.2654,26709.7321,4.0196,-2.2258,23.8886
ATM Premium (Open),GVT&D,5min,Intraday,103,41.7476,1.3528,0.2511,2.1456,9.7723,27.2417,99167.4211,73302.8799,2.3062,-1.2217,19.2918
SuperTrend (Triple),KAYNES,1h,Scalping,41,51.2195,1.881,0.6011,4.648,4.8423,26.794,52620.5334,27974.8316,2.5057,-1.3987,-6.669
Flow Navigator (Vol),KAYNES,1h,Scalping,22,63.6364,2.9967,1.0559,8.4488,3.5404,25.4829,34862.3573,11633.4438,2.4902,-1.4542,-6.669
ORB + VWAP,MCX,5min,Aggressive,96,36.4583,1.5707,0.2413,2.9791,9.3275,25.057,63753.9469,40590.2483,1.8215,-0.6654,23.8886
SuperTrend (Triple),KAYNES,1h,Intraday,26,50.0,1.6665,0.9083,3.7683,14.5625,24.2556,59050.0711,35433.3919,4.5423,-2.7256,-6.669
Flow Navigator (Vol),NETWEB,1h,Scalping,21,57.1429,2.5404,1.0097,6.8331,3.1188,22.8233,34970.0358,13765.7889,2.9142,-1.5295,65.5562
ORB + VWAP,ACUTAAS,5min,Intraday,71,45.0704,1.5141,0.3009,2.9014,7.85,22.6244,62925.0803,41558.5159,1.9664,-1.0656,51.2271
Flow Navigator (Vol),PERSISTENT,1h,Intraday,10,60.0,3.8787,2.0953,9.2453,7.097,22.3543,28231.9211,7278.7299,4.7053,-1.8197,4.0324
ORB + VWAP,DATAPATTNS,5min,Intraday,81,44.4444,1.3805,0.2655,2.2924,8.7363,22.3091,78028.5734,56523.7328,2.1675,-1.2561,63.7584
Adaptive Edge (Vol+IB),MCX,15min,Aggressive,104,31.7308,1.307,0.2119,1.7474,11.7608,22.3071,93810.8091,71776.7139,2.8428,-1.0109,23.8886
Flow Navigator (Vol),THANGAMAYL,1h,Intraday,14,50.0,1.8504,1.5925,4.3737,23.4864,22.166,48514.825,26219.2623,6.9307,-3.7456,46.6111
ORB + VWAP,MCX,5min,Intraday,87,49.4253,1.5224,0.235,3.0392,5.5234,21.8737,59594.1671,39145.2954,1.3859,-0.8897,23.8886
Flow Navigator (Vol),DATAPATTNS,1h,Aggressive,19,36.8421,1.6963,1.1135,3.5433,8.5445,20.7881,51543.3668,30386.5203,7.3633,-2.5322,63.7584
SuperTrend (Triple),NETWEB,5min,Aggressive,215,30.2326,1.1778,0.0969,1.0232,9.8407,20.2454,137965.0232,117136.0115,2.1225,-0.7809,65.5562
SuperTrend (Triple),KAYNES,15min,Aggressive,82,36.5854,1.3372,0.2414,2.0014,8.3344,20.0859,78486.3774,58694.3274,2.6162,-1.1287,-6.669
SuperTrend (Triple),MCX,1h,Aggressive,26,34.6154,1.7208,0.7559,3.4843,8.8955,19.8956,46917.6093,27264.9058,5.2131,-1.6038,23.8886
ORB + VWAP,THANGAMAYL,5min,Scalping,126,42.0635,1.4174,0.1482,2.4,6.578,19.8028,63422.0199,44744.0039,1.1966,-0.6129,46.6111
SuperTrend (Triple),DATAPATTNS,1h,Scalping,35,48.5714,1.5438,0.5411,3.2399,16.7032,19.3719,53769.391,34830.3474,3.1629,-1.935,63.7584
SuperTrend (Triple),MCX,5min,Aggressive,211,31.7536,1.2239,0.088,1.334,9.3797,19.0296,101517.5118,82947.5509,1.5152,-0.576,23.8886
SuperTrend (Triple),GVT&D,1h,Scalping,39,46.1538,1.5499,0.4732,3.166,8.4776,18.9553,52019.2998,33562.8234,2.89,-1.5982,19.2918
SuperTrend (Triple),MUTHOOTFIN,15min,Aggressive,79,34.1772,1.3963,0.2326,2.208,12.9213,18.8584,64727.2625,46354.7377,2.3973,-0.8914,-24.3252
ORB + VWAP,ACUTAAS,5min,Scalping,94,47.8723,1.6178,0.1855,3.3843,3.3416,18.6132,45659.5939,28223.7197,1.0147,-0.576,51.2271
SuperTrend (Triple),INDIGO,5min,Aggressive,223,30.9417,1.2537,0.0803,1.4288,7.8288,18.5534,88456.4286,70555.1613,1.282,-0.4582,7.2569
ATM Premium (Open),GVT&D,5min,Scalping,117,39.3162,1.3908,0.148,2.3162,4.2713,18.1891,61630.7662,44313.8963,1.3398,-0.6241,19.2918
Flow Navigator (Vol),INDIGO,1h,Scalping,25,56.0,2.2153,0.684,5.8191,3.8392,18.0927,31171.6102,14070.9685,2.2265,-1.2792,7.2569
Flow Navigator (Vol),KAYNES,1h,Intraday,19,52.6316,1.6821,0.9167,3.8986,12.6261,17.4733,42951.4407,25534.6674,4.2951,-2.8372,-6.669
SuperTrend (Triple),GVT&D,1h,Intraday,23,43.4783,1.453,0.8086,2.6866,17.3212,17.432,59654.3613,41056.0991,5.9654,-3.1582,19.2918
Flow Navigator (Vol),ACUTAAS,1h,Scalping,19,57.8947,2.2795,0.8695,6.2231,4.0504,17.3653,29432.6628,12911.9362,2.6757,-1.614,51.2271
Flow Navigator (Vol),LTM,1h,Intraday,15,53.3333,2.1001,1.1183,5.3863,7.8292,17.2756,32021.9818,15248.0459,4.0027,-2.1783,-4.9047
Flow Navigator (Vol),DATAPATTNS,1h,Intraday,17,52.9412,1.612,1.0443,3.5178,7.9706,17.2558,46763.0087,29009.2446,5.1959,-3.6262,63.7584
SuperTrend (Triple),MUTHOOTFIN,15min,Intraday,81,43.2099,1.3246,0.2041,2.0113,17.8864,16.7499,67461.0299,50929.5711,1.9275,-1.1072,-24.3252
SuperTrend (Triple),GVT&D,15min,Aggressive,88,31.8182,1.2331,0.1963,1.4304,23.6251,16.439,91357.6799,74085.994,3.2628,-1.2348,19.2918
ORB + VWAP,NETWEB,5min,Intraday,65,43.0769,1.348,0.2503,2.1081,7.9212,16.3243,63018.7648,46750.3217,2.2507,-1.2635,65.5562
Flow Navigator (Vol),TATAELXSI,1h,Aggressive,17,41.1765,1.8911,0.9298,4.2617,5.8749,15.9535,33543.7416,17737.3744,4.792,-1.7737,-21.6101
ORB + VWAP,DATAPATTNS,5min,Scalping,118,42.3729,1.3579,0.1282,2.1585,7.2292,15.7225,57404.3339,42274.9794,1.1481,-0.6217,63.7584
ORB + VWAP,BSE,5min,Intraday,79,50.6329,1.4745,0.1828,2.8851,4.9506,15.0691,44880.0844,30437.7575,1.122,-0.7805,12.3376
SuperTrend (Triple),TATAELXSI,15min,Aggressive,93,33.3333,1.3056,0.1591,1.7942,9.7855,14.8894,63200.4998,48407.7204,2.0387,-0.7808,-21.6101
Flow Navigator (Vol),MUTHOOTFIN,1h,Intraday,17,52.9412,1.7482,0.8672,3.9375,6.1588,14.7062,34448.3985,19705.2531,3.8276,-2.4632,-24.3252
SuperTrend (Triple),BSE,1h,Scalping,36,50.0,1.6696,0.3853,3.7207,7.9085,14.3132,34590.6837,20718.3419,1.9217,-1.151,12.3376
ORB + VWAP,BSE,5min,Aggressive,78,37.1795,1.4664,0.1717,2.6233,5.5256,13.8491,42113.6178,28719.3543,1.4522,-0.5861,12.3376
SuperTrend (Triple),PERSISTENT,5min,Aggressive,229,30.131,1.1547,0.06,0.938,19.3461,13.394,102552.1645,88813.4819,1.4863,-0.5551,4.0324
SuperTrend (Triple),THANGAMAYL,1h,Aggressive,27,33.3333,1.2989,0.591,1.7713,23.3274,13.195,69351.0649,53393.2002,7.7057,-2.9663,46.6111
Flow Navigator (Vol),NETWEB,1h,Intraday,19,42.1053,1.4445,0.7467,2.6329,6.8966,13.1515,46105.6762,31918.5822,5.7632,-2.9017,65.5562
ORB + VWAP,KAYNES,5min,Aggressive,82,29.2683,1.3015,0.1621,1.5435,9.6407,12.9571,57371.7958,44080.2497,2.3905,-0.76,-6.669
Adaptive Edge (Vol+IB),KAYNES,15min,Aggressive,120,27.5,1.1559,0.1229,0.8753,16.6317,12.6056,109336.7574,94593.4528,3.3132,-1.0873,-6.669
SuperTrend (Triple),KAYNES,5min,Aggressive,239,29.7071,1.1246,0.0563,0.7687,10.3613,12.5843,121389.4432,107940.7239,1.7097,-0.6425,-6.669
SuperTrend (Triple),NIFTY_50,15min,Intraday,73,53.4247,1.7596,0.1632,4.1295,3.1723,12.4801,27593.2718,15681.806,0.7075,-0.4612,-4.6642
Flow Navigator (Vol),GVT&D,1h,Intraday,16,50.0,1.483,0.8204,2.8321,7.3421,12.2076,40305.7075,27179.3939,5.0382,-3.3974,19.2918
SuperTrend (Triple),MCX,5min,Intraday,219,42.0091,1.1327,0.0577,0.8838,9.6413,12.1496,107843.4697,95208.7785,1.1722,-0.7497,23.8886
ORB + VWAP,NETWEB,5min,Aggressive,65,32.3077,1.2702,0.1851,1.5674,10.4439,11.527,56549.5313,44521.1542,2.6928,-1.0118,65.5562
SuperTrend (Triple),NIFTY_50,15min,Aggressive,75,37.3333,1.6547,0.145,3.328,2.0253,11.2825,27483.5427,16609.6658,0.9816,-0.3534,-4.6642
Flow Navigator (Vol),KAYNES,1h,Aggressive,17,35.2941,1.5111,0.6971,2.7663,10.7584,11.147,35033.6367,23183.5869,5.8389,-2.1076,-6.669
SuperTrend (Triple),TATAELXSI,1h,Aggressive,31,32.2581,1.3548,0.3851,2.0129,11.4029,11.1441,45586.9368,33648.8108,4.5587,-1.6023,-21.6101
Flow Navigator (Vol),TATAELXSI,1h,Intraday,17,52.9412,1.5402,0.6616,3.2009,10.7836,10.9152,32066.1169,20819.3616,3.5629,-2.6024,-21.6101
SuperTrend (Triple),KAYNES,15min,Scalping,118,42.3729,1.2135,0.0932,1.3581,6.4629,10.8508,62501.0732,51505.3018,1.25,-0.7574,-6.669
SuperTrend (Triple),BSE,15min,Aggressive,88,32.9545,1.2169,0.1284,1.3404,7.0212,10.8451,63385.8108,52087.7138,2.1857,-0.8828,12.3376
SuperTrend (Triple),LTM,15min,Aggressive,75,30.6667,1.2583,0.1491,1.5141,7.6892,10.8259,54456.3186,43277.3269,2.3677,-0.8323,-4.9047
SuperTrend (Triple),PERSISTENT,5min,Intraday,222,40.991,1.1122,0.0484,0.7566,14.6308,10.0918,106635.0517,95881.7333,1.1718,-0.7319,4.0324
Adaptive Edge (Vol+IB),BSE,15min,Aggressive,120,30.0,1.1449,0.0911,0.8979,14.6764,9.8588,86353.6623,75423.9042,2.3987,-0.8979,12.3376
SuperTrend (Triple),BSE,1h,Aggressive,22,31.8182,1.4079,0.4823,2.2369,7.1336,9.8441,36621.4157,26011.3037,5.2316,-1.7341,12.3376
SuperTrend (Triple),PERSISTENT,15min,Aggressive,78,32.0513,1.2043,0.1336,1.2683,14.4007,9.8025,61439.441,51017.3271,2.4576,-0.9626,4.0324
Flow Navigator (Vol),SIEMENS,1h,Scalping,19,42.1053,1.7288,0.4794,3.7645,4.3948,9.116,21605.9169,12497.8862,2.7007,-1.1362,28.0896
SuperTrend (Triple),SHAILY,15min,Scalping,133,39.0977,1.1389,0.0734,0.9203,11.8343,9.0918,80010.7281,70254.7199,1.5387,-0.8673,62.6742
SuperTrend (Triple),DATAPATTNS,15min,Aggressive,90,30.0,1.1313,0.1216,0.8327,16.121,8.9647,94271.1194,83326.3888,3.4915,-1.3226,63.7584
SuperTrend (Triple),SIEMENS,15min,Aggressive,88,30.6818,1.1723,0.1103,1.0804,10.7298,8.9498,66043.8963,56338.112,2.4461,-0.9236,28.0896
SuperTrend (Triple),NIFTY_BANK,15min,Intraday,78,47.4359,1.3463,0.1056,2.1818,3.9677,8.3362,32025.3844,23787.5312,0.8656,-0.5802,-4.7945
SuperTrend (Triple),MCX,1h,Scalping,37,40.5405,1.3419,0.2312,2.1094,5.4787,8.3353,33575.3549,25020.0353,2.2384,-1.1373,23.8886
Flow Navigator (Vol),NETWEB,1h,Aggressive,19,31.5789,1.3383,0.5053,1.8534,12.4398,8.2795,37982.9856,28382.4873,6.3305,-2.1833,65.5562
SuperTrend (Triple),TVSMOTOR,5min,Intraday,206,42.233,1.1156,0.0413,0.7856,5.3925,8.1135,82203.7836,73688.3205,0.9449,-0.6192,11.2746
Adaptive Edge (Vol+IB),THANGAMAYL,15min,Aggressive,96,27.0833,1.1102,0.1188,0.6623,22.8297,7.9513,114949.1873,103541.1764,4.4211,-1.4792,46.6111
ORB + VWAP,MCX,5min,Scalping,119,45.3782,1.2548,0.0662,1.6598,3.7113,7.9411,38803.9728,30923.7629,0.7186,-0.4758,23.8886
Flow Navigator (Vol),PERSISTENT,1h,Aggressive,12,33.3333,1.6004,0.6971,2.975,7.1704,7.8942,22298.6636,13933.4129,5.5747,-1.7417,4.0324
SuperTrend (Triple),MUTHOOTFIN,15min,Scalping,129,37.2093,1.178,0.0626,1.1093,11.977,7.8512,53414.2868,45344.6105,1.1128,-0.5598,-24.3252
SuperTrend (Triple),THANGAMAYL,15min,Aggressive,91,28.5714,1.1157,0.1112,0.7078,13.276,7.6498,97559.3232,87438.757,3.7523,-1.3452,46.6111
Flow Navigator (Vol),GVT&D,1h,Scalping,23,43.4783,1.3776,0.3486,2.2784,6.9538,7.6421,29250.6912,21232.5868,2.9251,-1.6333,19.2918
SuperTrend (Triple),MUTHOOTFIN,1h,Scalping,39,46.1538,1.3127,0.2007,2.0214,7.4749,7.6264,32854.4271,25027.5857,1.8252,-1.1918,-24.3252
SuperTrend (Triple),INDIGO,1h,Scalping,37,43.2432,1.3083,0.2098,1.8827,6.463,7.4609,32932.9281,25171.4932,2.0583,-1.1986,7.2569
SuperTrend (Triple),PERSISTENT,15min,Intraday,77,44.1558,1.1415,0.101,0.9855,11.6363,7.0036,62701.3712,54927.6516,1.8442,-1.2774,4.0324
Flow Navigator (Vol),TVSMOTOR,1h,Aggressive,16,31.25,1.4205,0.4589,2.2952,8.8873,6.8108,24801.2143,17459.3835,4.9602,-1.5872,11.2746
ORB + VWAP,KAYNES,5min,Intraday,81,39.5062,1.1477,0.0919,0.9051,8.8546,6.6257,57829.4633,50387.2277,1.8072,-1.0283,-6.669
ATM Premium (Open),GVT&D,5min,Aggressive,102,27.451,1.1072,0.0767,0.6602,16.2152,6.3212,80739.3485,72919.5984,2.8835,-0.9854,19.2918
SuperTrend (Triple),TATAELXSI,15min,Scalping,123,38.2114,1.1642,0.0516,1.0879,6.6923,6.1839,44991.7025,38645.5873,0.9573,-0.5085,-21.6101
ATM Premium (Open),TATAELXSI,5min,Scalping,110,39.0909,1.2115,0.0566,1.3939,7.4026,6.1828,35668.0566,29441.4372,0.8295,-0.4394,-21.6101
SuperTrend (Triple),INDIGO,1h,Aggressive,31,29.0323,1.2017,0.2458,1.1672,9.651,6.1651,45393.2026,37772.9863,5.0437,-1.717,7.2569
ORB + VWAP,PERSISTENT,5min,Intraday,73,42.4658,1.1698,0.0875,1.1339,5.9435,6.0207,43983.5137,37597.6403,1.4188,-0.8952,4.0324
ATM Premium (Open),THANGAMAYL,5min,Scalping,113,38.0531,1.123,0.0562,0.8236,6.7648,5.859,57979.2529,51629.8652,1.3484,-0.7376,46.6111
SuperTrend (Triple),HAL,15min,Scalping,138,41.3043,1.1526,0.0427,1.0164,4.3632,5.7517,44533.4762,38635.7535,0.7813,-0.477,17.1634
Flow Navigator (Vol),MUTHOOTFIN,1h,Aggressive,18,33.3333,1.3007,0.3622,1.6633,8.1502,5.6783,28204.5311,21684.6047,4.7008,-1.8071,-24.3252
SuperTrend (Triple),TATAELXSI,5min,Intraday,205,40.4878,1.0773,0.0287,0.5387,14.3793,5.2964,82069.3373,76178.4198,0.9888,-0.6244,-21.6101
SuperTrend (Triple),MUTHOOTFIN,1h,Intraday,30,43.3333,1.1689,0.2116,1.1651,10.4901,5.2811,43933.6899,37584.2112,3.3795,-2.2108,-24.3252
Flow Navigator (Vol),PERSISTENT,1h,Scalping,13,46.1538,1.6255,0.4082,3.4278,4.0061,5.2153,13791.2796,8484.3088,2.2985,-1.212,4.0324
SuperTrend (Triple),TORNTPHARM,1h,Intraday,24,37.5,1.2322,0.2438,1.4731,9.5393,5.1932,31044.6637,25194.3759,3.4494,-1.6796,19.3096
Adaptive Edge (Vol+IB),BSE,15min,Intraday,110,40.9091,1.0819,0.0579,0.577,12.6268,5.1169,84120.8307,77755.9886,1.8694,-1.1962,12.3376
Flow Navigator (Vol),BSE,1h,Aggressive,19,36.8421,1.2716,0.3018,1.6246,5.5905,5.0837,26846.7283,21112.1717,3.8352,-1.7593,12.3376
SuperTrend (Triple),INDIGO,15min,Scalping,126,38.0952,1.1297,0.0423,0.8278,7.0426,5.0473,46478.7516,41143.8209,0.9683,-0.5275,7.2569
Flow Navigator (Vol),SHAILY,1h,Aggressive,13,30.7692,1.2635,0.5031,1.4786,7.548,4.9737,31361.2193,24820.8172,7.8403,-2.7579,62.6742
SuperTrend (Triple),PERSISTENT,15min,Scalping,125,38.4,1.1113,0.0426,0.7638,8.0641,4.9591,53177.0915,47851.9258,1.1079,-0.6215,4.0324
SuperTrend (Triple),THANGAMAYL,5min,Intraday,226,39.823,1.0515,0.0319,0.3407,13.3587,4.8554,147353.4344,140133.5084,1.6373,-1.0304,46.6111
ATM Premium (Open),MUTHOOTFIN,5min,Aggressive,98,28.5714,1.1121,0.0565,0.691,11.9451,4.8436,54980.3668,49439.4554,1.9636,-0.7063,-24.3252
SuperTrend (Triple),NIFTY_50,1h,Scalping,45,44.4444,1.3855,0.1065,2.2912,3.2684,4.7809,17220.8717,12428.9856,0.861,-0.4972,-4.6642
SuperTrend (Triple),TORNTPHARM,5min,Intraday,219,38.8128,1.0714,0.024,0.4881,13.0347,4.7047,78895.918,73635.5299,0.9282,-0.5495,19.3096
SuperTrend (Triple),ENRIN,15min,Aggressive,90,28.8889,1.0887,0.0652,0.5758,15.8627,4.5485,72017.4952,66148.9188,2.7699,-1.0336,31.7893
ORB + VWAP,TATAELXSI,5min,Aggressive,72,30.5556,1.1604,0.0662,0.9668,9.2928,4.4431,34468.1575,29704.5069,1.5667,-0.5941,-21.6101
ORB + VWAP,KAYNES,5min,Scalping,106,38.6792,1.1334,0.0445,0.8318,6.1612,4.4377,40079.8514,35360.9744,0.9776,-0.544,-6.669
SuperTrend (Triple),NIFTY_BANK,15min,Aggressive,77,31.1688,1.1903,0.0594,1.1772,3.512,4.4228,28592.0957,24020.9234,1.1913,-0.4532,-4.7945
SuperTrend (Triple),INDIGO,5min,Intraday,198,39.3939,1.0705,0.0251,0.4714,9.3151,4.3562,75399.3478,70436.1064,0.9667,-0.587,7.2569
Flow Navigator (Vol),LTM,1h,Aggressive,16,31.25,1.257,0.311,1.5177,7.2654,4.2832,24341.3779,19364.7306,4.8683,-1.7604,-4.9047
SuperTrend (Triple),ACUTAAS,15min,Aggressive,99,28.2828,1.0776,0.061,0.4822,19.8674,4.1771,83791.649,77756.6197,2.9926,-1.0952,51.2271
Flow Navigator (Vol),MUTHOOTFIN,1h,Scalping,25,44.0,1.2393,0.1759,1.5495,8.5073,4.0875,22769.3889,18372.8562,2.0699,-1.3123,-24.3252
SuperTrend (Triple),NETWEB,15min,Aggressive,94,30.8511,1.0739,0.0637,0.4782,24.7462,4.0175,86979.4172,80990.9169,2.9993,-1.246,65.5562
ATM Premium (Open),BSE,5min,Intraday,104,41.3462,1.0868,0.0429,0.6066,7.984,3.8863,55841.7419,51382.5093,1.2986,-0.8423,12.3376
SuperTrend (Triple),TORNTPHARM,1h,Scalping,37,35.1351,1.196,0.1116,1.2574,6.0307,3.8448,25195.8214,21066.9989,1.9381,-0.8778,19.3096
SuperTrend (Triple),NETWEB,15min,Intraday,87,41.3793,1.0694,0.067,0.483,13.076,3.827,89804.1951,83976.8276,2.4946,-1.6466,65.5562
Adaptive Edge (Vol+IB),NETWEB,15min,Scalping,183,36.612,1.0517,0.0283,0.3572,13.3038,3.8162,105300.1182,100128.4001,1.5716,-0.8632,65.5562
ORB + VWAP,LTM,5min,Intraday,83,43.3735,1.1046,0.0507,0.708,8.0844,3.7461,44437.532,40230.2998,1.2344,-0.856,-4.9047
Flow Navigator (Vol),NIFTY_BANK,1h,Aggressive,20,25.0,1.3079,0.1975,1.6289,6.8338,3.6669,16780.5144,12829.917,3.3561,-0.8553,-4.7945
ATM Premium (Open),LTM,5min,Scalping,114,39.4737,1.1112,0.0338,0.7725,6.8178,3.6479,38525.3375,34669.5093,0.8561,-0.5025,-4.9047
Flow Navigator (Vol),ENRIN,1h,Aggressive,17,29.4118,1.179,0.2679,1.1098,7.7663,3.4633,29998.8565,25444.1842,5.9998,-2.1203,31.7893
ATM Premium (Open),PERSISTENT,5min,Aggressive,106,29.2453,1.0723,0.0402,0.4789,13.2568,3.3918,63194.1401,58935.187,2.0385,-0.7858,4.0324
Adaptive Edge (Vol+IB),NETWEB,15min,Intraday,110,38.1818,1.0553,0.061,0.3839,18.4759,3.3362,127883.0208,121177.2508,3.0448,-1.782,65.5562
Flow Navigator (Vol),SIEMENS,1h,Aggressive,16,25.0,1.2046,0.2685,1.1321,11.7209,3.3178,25293.801,20997.8566,6.3235,-1.7498,28.0896
SuperTrend (Triple),MCX,15min,Scalping,114,38.5965,1.0808,0.0318,0.5645,8.383,3.2245,48493.4114,44869.7584,1.1021,-0.641,23.8886
SuperTrend (Triple),DATAPATTNS,15min,Intraday,82,37.8049,1.0623,0.0667,0.4366,21.1464,3.1534,93303.8298,87831.3112,3.0098,-1.7222,63.7584
Flow Navigator (Vol),THANGAMAYL,1h,Scalping,18,38.8889,1.1773,0.2063,1.1594,14.0571,3.0865,24649.5792,20936.7934,3.5214,-1.9033,46.6111
Flow Navigator (Vol),TVSMOTOR,1h,Scalping,22,40.9091,1.2264,0.1466,1.5055,4.6125,3.0174,17464.0438,14239.832,1.9404,-1.0954,11.2746
SuperTrend (Triple),TVSMOTOR,1h,Intraday,26,38.4615,1.1199,0.1422,0.8174,12.6868,2.7916,34529.0817,30832.5149,3.4529,-1.927,11.2746
Flow Navigator (Vol),ENRIN,1h,Intraday,15,40.0,1.1497,0.2354,1.012,9.9133,2.6177,27112.6345,23581.6732,4.5188,-2.6202,31.7893
Flow Navigator (Vol),SHAILY,1h,Intraday,13,38.4615,1.1499,0.3237,0.9755,8.1445,2.6123,32278.7587,28070.1669,6.4558,-3.5088,62.6742
SuperTrend (Triple),THANGAMAYL,15min,Scalping,122,35.2459,1.0522,0.0291,0.3567,9.4238,2.5754,71596.8769,68042.7514,1.665,-0.8613,46.6111
Flow Navigator (Vol),BSE,1h,Scalping,21,42.8571,1.1904,0.1299,1.2577,3.7993,2.4896,17050.0171,14322.3496,1.8944,-1.1935,12.3376
Flow Navigator (Vol),INDIGO,1h,Aggressive,20,30.0,1.133,0.1709,0.7917,10.2593,2.3616,29108.912,25691.7942,4.8515,-1.8351,7.2569
SuperTrend (Triple),SIEMENS,1h,Scalping,39,33.3333,1.0959,0.0752,0.6421,9.1325,2.309,33507.6982,30574.6346,2.5775,-1.1759,28.0896
SuperTrend (Triple),TITAN,15min,Intraday,76,36.8421,1.0724,0.0385,0.4597,12.1138,2.2951,43287.4455,40364.967,1.546,-0.8409,18.3761
SuperTrend (Triple),NETWEB,1h,Intraday,21,38.0952,1.1047,0.2093,0.7109,14.2084,2.2796,46360.239,41964.982,5.795,-3.2281,65.5562
Flow Navigator (Vol),MCX,1h,Scalping,21,38.0952,1.1423,0.1146,0.9593,5.8102,2.0697,19316.4529,16910.0215,2.4146,-1.3008,23.8886
ORB + VWAP,LTM,5min,Scalping,107,40.1869,1.0801,0.0205,0.545,6.3655,2.0238,29576.266,27384.1616,0.6878,-0.4279,-4.9047
ATM Premium (Open),ACUTAAS,5min,Aggressive,100,30.0,1.0468,0.0344,0.3129,9.2641,1.9688,76963.7394,73521.2033,2.5655,-1.0503,51.2271
SuperTrend (Triple),DATAPATTNS,1h,Intraday,22,40.9091,1.0905,0.2036,0.6413,22.0271,1.8653,53979.9763,49501.2158,5.9978,-3.8078,63.7584
Flow Navigator (Vol),GVT&D,1h,Aggressive,16,31.25,1.117,0.1997,0.7076,14.3763,1.7529,30511.9917,27316.3043,6.1024,-2.4833,19.2918
Flow Navigator (Vol),ACUTAAS,1h,Intraday,14,42.8571,1.1099,0.2067,0.7713,15.2826,1.742,29225.3389,26331.896,4.8709,-3.2915,51.2271
ATM Premium (Open),SHAILY,5min,Scalping,116,32.7586,1.0447,0.021,0.2937,10.2269,1.7172,56963.9139,54526.4467,1.4991,-0.6991,62.6742
SuperTrend (Triple),NETWEB,5min,Scalping,325,38.7692,1.0235,0.0074,0.1591,13.6368,1.5351,104520.7471,102122.4507,0.8295,-0.5132,65.5562
Flow Navigator (Vol),HAL,1h,Scalping,18,38.8889,1.167,0.0909,1.1093,4.4302,1.5034,11429.0039,9793.1571,1.6327,-0.8903,17.1634
ORB + VWAP,TATAELXSI,5min,Intraday,73,41.0959,1.0549,0.0255,0.3844,6.2269,1.4762,35839.9546,33975.3616,1.1947,-0.7901,-21.6101
SuperTrend (Triple),NIFTY_50,15min,Scalping,121,42.9752,1.0812,0.0115,0.5741,3.894,1.3381,18510.8476,17121.1041,0.356,-0.2481,-4.6642
SuperTrend (Triple),ENRIN,1h,Aggressive,29,24.1379,1.0735,0.1035,0.4504,17.2914,1.2031,43802.0623,40801.9091,6.2574,-1.8546,31.7893
Flow Navigator (Vol),LTM,1h,Scalping,16,37.5,1.1179,0.0868,0.7978,4.039,1.1729,13164.3675,11775.7206,2.1941,-1.1776,-4.9047
ORB + VWAP,ENRIN,5min,Scalping,107,40.1869,1.0414,0.0127,0.2926,6.0071,1.1115,34076.294,32721.3511,0.7925,-0.5113,31.7893
ATM Premium (Open),ACUTAAS,5min,Scalping,116,38.7931,1.0315,0.0134,0.2262,8.3428,1.0514,50811.2293,49261.0684,1.1291,-0.6938,51.2271
Adaptive Edge (Vol+IB),INDIGO,15min,Aggressive,123,26.8293,1.0319,0.0197,0.2003,20.3118,0.9631,78348.4936,75928.4581,2.3742,-0.8436,7.2569
ORB + VWAP,INDIGO,5min,Intraday,61,42.623,1.0476,0.0205,0.3219,5.7903,0.9496,27552.2492,26300.619,1.0597,-0.7514,7.2569
Flow Navigator (Vol),NIFTY_50,1h,Aggressive,21,28.5714,1.0999,0.0516,0.607,5.1989,0.9082,11939.8487,10855.2648,1.99,-0.7237,-4.6642
ATM Premium (Open),BSE,5min,Scalping,112,35.7143,1.0317,0.0091,0.2194,9.3756,0.7814,33078.8017,32061.849,0.827,-0.4453,12.3376
ATM Premium (Open),DATAPATTNS,5min,Aggressive,108,25.9259,1.0316,0.0248,0.2041,16.7119,0.7237,87346.0284,84670.7457,3.1195,-1.0584,63.7584
Adaptive Edge (Vol+IB),BSE,15min,Scalping,219,36.9863,1.0175,0.0064,0.1257,20.2599,0.6944,81080.4742,79689.7839,1.001,-0.5775,12.3376
SuperTrend (Triple),ACUTAAS,1h,Scalping,36,33.3333,1.0431,0.0445,0.2955,9.3086,0.6167,38727.6848,37126.5472,3.2273,-1.5469,51.2271
SuperTrend (Triple),MUTHOOTFIN,1h,Aggressive,31,29.0323,1.0469,0.0545,0.316,14.6578,0.5858,37671.4254,35982.8233,4.1857,-1.6356,-24.3252
ATM Premium (Open),LTM,5min,Intraday,106,39.6226,1.0203,0.0119,0.1484,16.7675,0.4141,63209.6268,61949.0246,1.505,-0.968,-4.9047
SuperTrend (Triple),NIFTY_BANK,1h,Intraday,29,41.3793,1.0352,0.0249,0.2444,8.4276,0.3585,21264.4848,20541.5748,1.772,-1.2083,-4.7945
SuperTrend (Triple),MCX,5min,Scalping,360,36.3889,1.0101,0.0023,0.0702,12.2508,0.3411,84189.7891,83344.8943,0.6427,-0.364,23.8886
SuperTrend (Triple),SHAILY,15min,Intraday,75,37.3333,1.0321,0.0351,0.2215,27.7779,0.3183,84582.4905,81950.1059,3.0208,-1.7436,62.6742
ORB + VWAP,TITAN,5min,Intraday,91,40.6593,1.0197,0.0067,0.1314,10.6839,0.3175,31679.3813,31067.4102,0.8562,-0.5753,18.3761
ORB + VWAP,NETWEB,5min,Scalping,86,34.8837,1.0162,0.007,0.1124,9.3373,0.1875,37954.3041,37349.7383,1.2651,-0.667,65.5562
ATM Premium (Open),MCX,5min,Scalping,118,35.5932,1.0124,0.0039,0.089,10.5229,0.1786,37488.5994,37029.8211,0.8926,-0.4872,23.8886
Flow Navigator (Vol),NIFTY_BANK,1h,Intraday,19,31.5789,1.011,0.0083,0.0748,6.4917,-0.1193,14470.9987,14313.1629,2.4118,-1.101,-4.7945
ORB + VWAP,PERSISTENT,5min,Scalping,101,37.6238,1.0007,0.0002,0.0054,5.5815,-0.1703,28728.4338,28707.1953,0.756,-0.4557,4.0324
ATM Premium (Open),MUTHOOTFIN,5min,Scalping,108,36.1111,1.0006,0.0002,0.0042,7.6017,-0.2409,33769.5317,33749.5431,0.8659,-0.4891,-24.3252
SuperTrend (Triple),HAL,15min,Aggressive,94,27.6596,1.0103,0.0054,0.066,10.7072,-0.2613,49748.2942,49242.5939,1.9134,-0.7242,17.1634
SuperTrend (Triple),NETWEB,5min,Intraday,213,39.4366,1.0142,0.009,0.0976,20.7891,-0.3524,137262.677,135336.0836,1.6341,-1.0491,65.5562
SuperTrend (Triple),NIFTY_BANK,15min,Scalping,118,39.8305,0.9829,-0.0032,-0.128,3.3769,-0.4737,21890.5374,22271.5785,0.4658,-0.3137,-4.7945
SuperTrend (Triple),NIFTY_BANK,1h,Scalping,42,33.3333,0.9811,-0.0076,-0.1312,5.189,-0.4912,16584.7022,16904.3077,1.1846,-0.6037,-4.7945
Flow Navigator (Vol),DATAPATTNS,1h,Scalping,22,36.3636,1.0036,0.0041,0.0266,7.8176,-0.5375,25119.8094,25029.1845,3.14,-1.7878,63.7584
ATM Premium (Open),BSE,5min,Aggressive,101,28.7129,0.9991,-0.0004,-0.0059,11.091,-0.6612,47415.5708,47457.42,1.635,-0.6591,12.3376
ORB + VWAP,TATAELXSI,5min,Scalping,99,38.3838,0.9794,-0.0052,-0.1485,5.4151,-0.67,24678.5707,25197.4295,0.6494,-0.4131,-21.6101
ATM Premium (Open),PERSISTENT,5min,Intraday,104,40.3846,1.0034,0.0021,0.025,11.9813,-0.6919,65352.8007,65134.0128,1.556,-1.0505,4.0324
ORB + VWAP,LTM,5min,Aggressive,81,30.8642,0.9923,-0.0035,-0.0517,8.5194,-0.7301,36348.6563,36629.7625,1.4539,-0.6541,-4.9047
SuperTrend (Triple),TATAELXSI,15min,Intraday,83,39.759,1.0004,0.0002,0.0026,12.8602,-0.7545,52706.5916,52688.0952,1.5972,-1.0538,-21.6101
Flow Navigator (Vol),INDIGO,1h,Intraday,17,35.2941,1.002,0.003,0.0137,13.8638,-0.8999,26330.1966,26278.9406,4.3884,-2.389,7.2569
Flow Navigator (Vol),ENRIN,1h,Scalping,18,33.3333,0.965,-0.0328,-0.2588,6.6344,-0.9271,16287.0327,16877.3528,2.7145,-1.4064,31.7893
SuperTrend (Triple),GVT&D,15min,Scalping,129,32.5581,0.9959,-0.0021,-0.0284,16.6828,-1.1451,65672.9273,65944.5252,1.5636,-0.758,19.2918
SuperTrend (Triple),NIFTY_BANK,1h,Aggressive,27,25.9259,0.951,-0.034,-0.3217,7.3788,-1.272,17837.0134,18755.7042,2.5481,-0.9378,-4.7945
ATM Premium (Open),MUTHOOTFIN,5min,Intraday,101,37.6238,0.9914,-0.005,-0.0612,12.8879,-1.3131,57811.7166,58312.1937,1.5214,-0.9256,-24.3252
ORB + VWAP,BSE,5min,Scalping,100,37.0,0.9522,-0.0119,-0.3589,5.6749,-1.3173,23691.4175,24880.6538,0.6403,-0.3949,12.3376
ATM Premium (Open),TITAN,5min,Scalping,106,33.9623,0.9518,-0.0116,-0.3463,3.9576,-1.3656,24250.8792,25478.3637,0.6736,-0.364,18.3761
Flow Navigator (Vol),SIEMENS,1h,Intraday,14,35.7143,0.9659,-0.0503,-0.2461,7.6309,-1.3717,19957.7533,20661.608,3.9916,-2.2957,28.0896
Flow Navigator (Vol),TATAELXSI,1h,Scalping,20,35.0,0.9295,-0.0568,-0.5281,7.1179,-1.4022,14986.5225,16122.935,2.1409,-1.2402,-21.6101
Flow Navigator (Vol),MCX,1h,Aggressive,19,26.3158,0.9803,-0.0282,-0.1318,9.5363,-1.5362,26677.599,27213.3093,5.3355,-1.9438,23.8886
ATM Premium (Open),SIEMENS,5min,Scalping,109,33.945,0.9602,-0.0129,-0.2911,7.359,-1.6584,33890.3955,35296.3907,0.916,-0.4902,28.0896
Flow Navigator (Vol),NIFTY_50,1h,Scalping,23,30.4348,0.7697,-0.0774,-1.8398,3.2983,-1.8127,5949.0669,7728.7821,0.8499,-0.483,-4.6642
SuperTrend (Triple),ACUTAAS,15min,Scalping,130,33.8462,0.9834,-0.0081,-0.116,19.4286,-1.8263,62328.8445,63382.478,1.4166,-0.737,51.2271
Flow Navigator (Vol),NIFTY_50,1h,Intraday,20,35.0,0.8618,-0.0856,-1.0532,4.2164,-1.8519,10673.3671,12384.6317,1.5248,-0.9527,-4.6642
ORB + VWAP,INDIGO,5min,Aggressive,59,30.5085,0.927,-0.0289,-0.4961,7.6299,-1.9345,21676.6026,23382.8893,1.2043,-0.5703,7.2569
SuperTrend (Triple),SIEMENS,5min,Intraday,214,39.2523,0.9857,-0.0062,-0.1037,22.5913,-2.2586,91553.7357,92881.033,1.0899,-0.7145,28.0896
SuperTrend (Triple),TITAN,15min,Aggressive,86,24.4186,0.9573,-0.0204,-0.2799,9.5924,-2.2929,39396.811,41152.5771,1.876,-0.6331,18.3761
SuperTrend (Triple),SIEMENS,5min,Aggressive,231,26.4069,0.9861,-0.0055,-0.0901,21.9838,-2.3063,90036.136,91304.3339,1.476,-0.5371,28.0896
SuperTrend (Triple),MUTHOOTFIN,5min,Aggressive,215,27.907,0.9822,-0.0068,-0.1135,19.5876,-2.3911,80768.2805,82230.1543,1.3461,-0.5305,-24.3252
SuperTrend (Triple),TITAN,5min,Intraday,208,38.9423,0.971,-0.0094,-0.2032,8.158,-2.4944,65788.6094,67753.395,0.8122,-0.5335,18.3761
ATM Premium (Open),DATAPATTNS,5min,Intraday,110,37.2727,0.9936,-0.0057,-0.0469,18.2707,-2.5663,96269.363,96891.3531,2.348,-1.4042,63.7584
SuperTrend (Triple),DATAPATTNS,5min,Aggressive,238,25.2101,0.9965,-0.0018,-0.0214,21.4699,-2.6004,123542.6182,123982.1506,2.059,-0.6965,63.7584
SuperTrend (Triple),LTM,15min,Intraday,74,36.4865,0.9632,-0.0258,-0.2728,9.852,-2.6916,49927.518,51837.1556,1.8492,-1.1029,-4.9047
ORB + VWAP,SHAILY,5min,Scalping,140,38.5714,0.9567,-0.0177,-0.3174,11.5458,-2.9838,54900.8279,57384.1321,1.0167,-0.6673,62.6742
Flow Navigator (Vol),TORNTPHARM,1h,Intraday,14,35.7143,0.8445,-0.1939,-1.2544,6.0952,-3.0584,14743.3893,17457.5133,2.9487,-1.9397,19.3096
SuperTrend (Triple),GVT&D,5min,Aggressive,246,26.0163,0.9922,-0.0041,-0.0471,33.1314,-3.1962,127014.4823,128011.4223,1.9846,-0.7034,19.2918
ATM Premium (Open),KAYNES,5min,Intraday,108,37.963,0.9714,-0.0198,-0.2062,19.2178,-3.3149,72699.4765,74837.9789,1.7732,-1.117,-6.669
ATM Premium (Open),NIFTY_50,5min,Scalping,84,38.0952,0.7237,-0.04,-2.3927,3.7369,-3.332,8796.1206,12155.0012,0.2749,-0.2338,-4.6642
SuperTrend (Triple),TORNTPHARM,15min,Aggressive,83,24.0964,0.9369,-0.0332,-0.4222,12.7671,-3.337,40963.3298,43722.9555,2.0482,-0.694,19.3096
SuperTrend (Triple),BSE,15min,Intraday,80,38.75,0.955,-0.0323,-0.3362,12.6871,-3.437,54859.0367,57442.8117,1.7696,-1.1723,12.3376
ORB + VWAP,TORNTPHARM,5min,Intraday,92,36.9565,0.9189,-0.0347,-0.6093,8.2972,-3.4981,36133.2908,39323.284,1.0627,-0.678,19.3096
ATM Premium (Open),TITAN,5min,Intraday,98,32.6531,0.9283,-0.0321,-0.518,6.479,-3.5481,40732.5482,43878.3766,1.2729,-0.6648,18.3761
Flow Navigator (Vol),HAL,1h,Aggressive,13,23.0769,0.762,-0.2585,-1.8521,9.853,-3.5903,10758.3643,14119.15,3.5861,-1.4119,17.1634
SuperTrend (Triple),THANGAMAYL,1h,Intraday,26,38.4615,0.9949,-0.0122,-0.0373,25.0526,-3.6104,62163.0552,62481.468,6.2163,-3.9051,46.6111
SuperTrend (Triple),TITAN,5min,Aggressive,229,25.7642,0.9508,-0.0143,-0.3094,15.4203,-3.8014,63235.2254,66504.903,1.0718,-0.3912,18.3761
SuperTrend (Triple),ACUTAAS,1h,Intraday,25,36.0,0.9677,-0.0647,-0.2346,15.1946,-3.8098,48512.6833,50130.0187,5.3903,-3.1331,51.2271
Flow Navigator (Vol),TORNTPHARM,1h,Scalping,20,30.0,0.7287,-0.1879,-2.329,6.9429,-3.8415,10094.4666,13852.7501,1.6824,-0.9895,19.3096
ATM Premium (Open),ENRIN,5min,Intraday,106,36.7925,0.9631,-0.0261,-0.2781,13.8693,-3.8487,72242.6827,75008.9594,1.8524,-1.1195,31.7893
SuperTrend (Triple),DATAPATTNS,5min,Scalping,369,35.2304,0.9741,-0.008,-0.1732,13.6042,-3.8619,110885.556,113839.4692,0.853,-0.4763,63.7584
SuperTrend (Triple),THANGAMAYL,15min,Intraday,91,38.4615,0.9868,-0.0144,-0.094,18.9204,-3.8735,98001.2572,99310.8771,2.8,-1.7734,46.6111
Flow Navigator (Vol),HAL,1h,Intraday,12,33.3333,0.7527,-0.3068,-2.0725,7.49,-3.9113,11202.9326,14884.2464,2.8007,-1.8605,17.1634
SuperTrend (Triple),TVSMOTOR,15min,Intraday,87,41.3793,0.9425,-0.0374,-0.4358,19.3309,-3.9653,53319.761,56571.6459,1.4811,-1.1092,11.2746
SuperTrend (Triple),ACUTAAS,15min,Intraday,94,38.2979,0.9736,-0.0238,-0.1905,19.4097,-3.9841,82586.8908,84827.5688,2.2941,-1.4625,51.2271
SuperTrend (Triple),ENRIN,15min,Scalping,138,33.3333,0.9404,-0.0264,-0.4481,10.1805,-4.1436,57335.9272,60972.7526,1.2464,-0.6627,31.7893
SuperTrend (Triple),HAL,1h,Aggressive,23,26.087,0.8345,-0.1634,-1.2445,9.6255,-4.1445,18950.3506,22708.0543,3.1584,-1.3358,17.1634
SuperTrend (Triple),PERSISTENT,1h,Aggressive,24,25.0,0.905,-0.1338,-0.6708,18.0042,-4.25,30602.2241,33812.9094,5.1004,-1.8785,4.0324
ORB + VWAP,GVT&D,5min,Intraday,78,39.7436,0.9428,-0.0428,-0.4151,12.8663,-4.2763,55086.5534,58428.0494,1.777,-1.2431,19.2918
SuperTrend (Triple),TORNTPHARM,15min,Scalping,123,32.5203,0.8935,-0.0335,-0.7932,8.7774,-4.3002,34569.0998,38690.588,0.8642,-0.4662,19.3096
SuperTrend (Triple),TITAN,1h,Intraday,21,38.0952,0.8375,-0.1915,-1.2677,16.6307,-4.4933,20731.4279,24753.5868,2.5914,-1.9041,18.3761
ORB + VWAP,TORNTPHARM,5min,Scalping,131,35.1145,0.844,-0.0359,-1.2128,6.3369,-4.7255,25405.904,30103.0495,0.5523,-0.3542,19.3096
SuperTrend (Triple),TVSMOTOR,5min,Aggressive,219,26.484,0.9444,-0.0192,-0.3698,11.3044,-4.8103,71273.0511,75470.4443,1.2288,-0.4688,11.2746
SuperTrend (Triple),HAL,1h,Scalping,43,30.2326,0.8288,-0.1074,-1.3411,7.9954,-4.8362,22353.1262,26970.6614,1.7195,-0.899,17.1634
SuperTrend (Triple),NIFTY_50,1h,Aggressive,33,24.2424,0.7476,-0.1464,-1.8911,8.5461,-4.9475,14310.9737,19142.2292,1.7889,-0.7657,-4.6642
SuperTrend (Triple),MUTHOOTFIN,5min,Intraday,224,37.9464,0.9552,-0.0189,-0.3254,17.4388,-5.0393,90169.4001,94397.6058,1.0608,-0.6791,-24.3252
ATM Premium (Open),DATAPATTNS,5min,Scalping,116,32.7586,0.9173,-0.04,-0.6206,10.5123,-5.1068,51475.5478,56117.0542,1.3546,-0.7194,63.7584
ORB + VWAP,TITAN,5min,Aggressive,90,27.7778,0.8314,-0.0558,-1.2274,9.7682,-5.1178,24760.1598,29781.4581,0.9904,-0.4582,18.3761
SuperTrend (Triple),LTM,15min,Scalping,119,33.6134,0.8901,-0.0413,-0.8454,7.7042,-5.1326,39791.4763,44705.8104,0.9948,-0.5659,-4.9047
ATM Premium (Open),LTM,5min,Aggressive,103,26.2136,0.9199,-0.0444,-0.5684,16.3782,-5.2093,52512.9325,57084.5962,1.9449,-0.7511,-4.9047
SuperTrend (Triple),SIEMENS,15min,Intraday,88,36.3636,0.9364,-0.0485,-0.4801,17.3373,-5.2451,62896.4281,67168.0223,1.9655,-1.1994,28.0896
Flow Navigator (Vol),BSE,1h,Intraday,17,41.1765,0.804,-0.2829,-1.6159,10.8678,-5.2873,19728.7457,24537.9989,2.8184,-2.4538,12.3376
ORB + VWAP,PERSISTENT,5min,Aggressive,75,28.0,0.8667,-0.0666,-0.9641,11.5535,-5.2921,32463.7058,37458.0642,1.5459,-0.6937,4.0324
SuperTrend (Triple),BSE,1h,Intraday,24,33.3333,0.8786,-0.1823,-0.9381,12.4541,-5.3168,31666.3544,36042.3494,3.9583,-2.2526,12.3376
SuperTrend (Triple),LTM,1h,Scalping,40,32.5,0.8275,-0.1322,-1.4001,13.4964,-5.5675,25365.297,30653.8622,1.9512,-1.1353,-4.9047
SuperTrend (Triple),ACUTAAS,1h,Aggressive,23,26.087,0.9074,-0.1678,-0.6337,16.3385,-5.582,37802.7168,41661.6801,6.3005,-2.4507,51.2271
Flow Navigator (Vol),TITAN,1h,Scalping,25,24.0,0.6762,-0.2217,-2.6361,10.833,-5.5972,11574.7276,17116.5187,1.9291,-0.9009,18.3761
SuperTrend (Triple),TATAELXSI,5min,Aggressive,220,26.3636,0.9366,-0.0228,-0.4341,17.1629,-5.5983,73958.395,78965.3726,1.2751,-0.4874,-21.6101
ORB + VWAP,MUTHOOTFIN,5min,Aggressive,70,24.2857,0.8069,-0.0793,-1.4135,9.0859,-5.6591,23194.8582,28746.6909,1.3644,-0.5424,-24.3252
SuperTrend (Triple),TATAELXSI,1h,Intraday,26,34.6154,0.8683,-0.1867,-1.0264,15.5961,-5.7228,32002.6971,36857.593,3.5559,-2.1681,-21.6101
SuperTrend (Triple),TORNTPHARM,5min,Aggressive,210,23.8095,0.92,-0.0259,-0.5358,11.9286,-5.8597,62457.6782,67886.5534,1.2492,-0.4243,19.3096
Adaptive Edge (Vol+IB),NIFTY_50,15min,Aggressive,154,27.2727,0.8675,-0.0375,-0.9635,9.4042,-5.8837,37807.6128,43579.8816,0.9002,-0.3891,-4.6642
Flow Navigator (Vol),TVSMOTOR,1h,Intraday,17,29.4118,0.7794,-0.3229,-1.8108,15.1778,-5.9496,19393.1331,24883.061,3.8786,-2.0736,11.2746
SuperTrend (Triple),ENRIN,1h,Intraday,22,31.8182,0.8659,-0.2249,-1.0232,15.7514,-6.025,31956.9518,36904.4263,4.5653,-2.4603,31.7893
SuperTrend (Triple),INDIGO,1h,Intraday,28,32.1429,0.8836,-0.1758,-0.8634,12.6368,-6.1226,37345.7937,42267.4201,4.1495,-2.2246,7.2569
SuperTrend (Triple),NIFTY_50,1h,Intraday,30,33.3333,0.6823,-0.2087,-2.7562,8.5219,-6.2706,13446.9271,19707.2478,1.3447,-0.9854,-4.6642
SuperTrend (Triple),MCX,15min,Aggressive,82,25.6098,0.9061,-0.0673,-0.6778,13.5253,-6.3049,53198.2298,58713.7944,2.5332,-0.9625,23.8886
SuperTrend (Triple),MCX,15min,Intraday,77,36.3636,0.9075,-0.0728,-0.7175,11.9687,-6.3738,54988.3103,60591.4052,1.9639,-1.2366,23.8886
ATM Premium (Open),NIFTY_BANK,5min,Scalping,94,29.7872,0.6128,-0.0696,-3.6124,6.3749,-6.3749,10350.8761,16892.3002,0.3697,-0.2559,-4.7945
Adaptive Edge (Vol+IB),KAYNES,15min,Intraday,123,34.1463,0.9644,-0.0326,-0.2476,16.6989,-6.4164,108552.967,112563.0403,2.5846,-1.3897,-6.669
Flow Navigator (Vol),NIFTY_BANK,1h,Scalping,24,16.6667,0.4441,-0.2736,-5.6457,7.2728,-6.4279,5246.9735,11813.9849,1.3117,-0.5907,-4.7945
SuperTrend (Triple),KAYNES,5min,Scalping,374,36.3636,0.9396,-0.0163,-0.4358,18.0629,-6.5215,94698.691,100788.2762,0.6963,-0.4235,-6.669
ORB + VWAP,SIEMENS,5min,Aggressive,99,23.2323,0.866,-0.0628,-0.9504,12.2687,-6.5306,40192.6321,46409.7508,1.7475,-0.6107,28.0896
SuperTrend (Triple),THANGAMAYL,5min,Aggressive,228,25.8772,0.9651,-0.0197,-0.2185,24.8027,-6.54,123759.1999,128239.6216,2.0976,-0.7588,46.6111
ATM Premium (Open),PERSISTENT,5min,Scalping,112,34.8214,0.8352,-0.0586,-1.3437,10.8953,-6.599,33246.2522,39805.8435,0.8525,-0.5453,4.0324
ATM Premium (Open),NETWEB,5min,Aggressive,111,26.1261,0.9394,-0.0467,-0.4157,15.0274,-6.6701,80247.9155,85428.2022,2.7672,-1.0418,65.5562
ATM Premium (Open),ENRIN,5min,Scalping,114,32.4561,0.8533,-0.0579,-1.1732,8.8069,-6.7167,38414.8379,45019.6753,1.0382,-0.5847,31.7893
SuperTrend (Triple),SHAILY,1h,Aggressive,23,21.7391,0.8943,-0.2064,-0.7051,17.578,-6.7943,40153.5656,44901.3548,8.0307,-2.4945,62.6742
ATM Premium (Open),SIEMENS,5min,Intraday,101,33.6634,0.9018,-0.0614,-0.7481,18.0179,-6.8074,56968.2702,63171.852,1.6755,-0.9429,28.0896
ORB + VWAP,MUTHOOTFIN,5min,Scalping,95,34.7368,0.7062,-0.0736,-2.5929,9.3163,-6.8417,16803.5112,23792.6226,0.5092,-0.3838,-24.3252
ATM Premium (Open),TORNTPHARM,5min,Scalping,104,29.8077,0.7601,-0.0677,-1.9306,8.7784,-6.9539,22321.9805,29367.875,0.7201,-0.4023,19.3096
ORB + VWAP,HAL,5min,Aggressive,82,21.9512,0.7752,-0.0849,-1.6694,9.5363,-6.9706,24009.1918,30969.6494,1.3338,-0.4839,17.1634
SuperTrend (Triple),TITAN,15min,Scalping,136,29.4118,0.8333,-0.0516,-1.2323,13.9882,-7.0597,35096.9354,42119.4763,0.8774,-0.4387,18.3761
SuperTrend (Triple),DATAPATTNS,15min,Scalping,122,34.4262,0.9053,-0.054,-0.7207,16.1331,-7.1667,62950.2524,69533.8917,1.4988,-0.8692,63.7584
SuperTrend (Triple),THANGAMAYL,5min,Scalping,337,34.1246,0.9393,-0.0195,-0.4169,13.7302,-7.2023,101407.1243,107964.1169,0.8818,-0.4863,46.6111
ORB + VWAP,TORNTPHARM,5min,Aggressive,94,24.4681,0.8032,-0.0778,-1.4608,11.2757,-7.3642,29866.6561,37182.7945,1.2986,-0.5237,19.3096
ATM Premium (Open),NIFTY_BANK,5min,Intraday,91,35.1648,0.7265,-0.0841,-2.34,8.6599,-7.5077,20334.0745,27988.9006,0.6354,-0.4744,-4.7945
ATM Premium (Open),NIFTY_50,5min,Intraday,79,36.7089,0.6447,-0.0986,-3.2897,9.1902,-7.5787,14134.7988,21923.9203,0.4874,-0.4385,-4.6642
SuperTrend (Triple),TORNTPHARM,15min,Intraday,83,33.7349,0.8556,-0.0876,-1.1248,15.4283,-7.5956,43097.1173,50369.038,1.5392,-0.9158,19.3096
ORB + VWAP,ENRIN,5min,Intraday,81,37.037,0.857,-0.0901,-1.1283,12.0072,-7.6385,43759.0121,51060.2579,1.4586,-1.0012,31.7893
SuperTrend (Triple),GVT&D,15min,Intraday,88,36.3636,0.9306,-0.0689,-0.5252,33.1694,-7.64,81301.9665,87366.5426,2.5407,-1.5601,19.2918
ATM Premium (Open),SIEMENS,5min,Aggressive,99,21.2121,0.8678,-0.0738,-0.9152,16.9936,-7.7818,47970.5487,55275.5748,2.2843,-0.7087,28.0896
SuperTrend (Triple),TVSMOTOR,15min,Aggressive,88,26.1364,0.8592,-0.0854,-1.0154,13.5164,-7.9469,45847.6324,53359.3986,1.9934,-0.8209,11.2746
ORB + VWAP,TVSMOTOR,5min,Scalping,115,30.4348,0.7135,-0.072,-2.4511,10.1166,-8.0622,20614.6546,28893.6934,0.589,-0.3612,11.2746
ORB + VWAP,MUTHOOTFIN,5min,Intraday,72,33.3333,0.7592,-0.1132,-1.9664,8.624,-8.101,25694.9211,33843.2119,1.0706,-0.7051,-24.3252
SuperTrend (Triple),TORNTPHARM,5min,Scalping,343,34.9854,0.8755,-0.0238,-0.9466,12.6029,-8.1027,57491.3473,65667.4217,0.4791,-0.2945,19.3096
ATM Premium (Open),HAL,5min,Scalping,97,30.9278,0.6969,-0.086,-2.6728,11.8413,-8.1182,19168.1939,27506.408,0.6389,-0.4105,17.1634
ORB + VWAP,SHAILY,5min,Aggressive,100,29.0,0.8956,-0.0739,-0.7427,19.9361,-8.2586,63387.2572,70780.0053,2.1858,-0.9969,62.6742
SuperTrend (Triple),TORNTPHARM,1h,Aggressive,20,15.0,0.607,-0.4172,-3.1992,14.4961,-8.3877,12886.104,21229.2824,4.2954,-1.2488,19.3096
SuperTrend (Triple),LTM,5min,Scalping,314,34.3949,0.8826,-0.0269,-0.8821,12.1178,-8.4317,63439.5014,71881.2359,0.5874,-0.3489,-4.9047
SuperTrend (Triple),BSE,5min,Scalping,355,35.493,0.8924,-0.024,-0.808,12.464,-8.5125,70527.3058,79031.67,0.5597,-0.3451,12.3376
SuperTrend (Triple),SHAILY,5min,Scalping,396,33.0808,0.9406,-0.0196,-0.4072,15.7457,-8.5439,123205.5319,130983.9221,0.9405,-0.4943,62.6742
SuperTrend (Triple),PERSISTENT,1h,Intraday,25,36.0,0.8093,-0.3088,-1.5307,17.0933,-8.5645,32751.8952,40470.8477,3.6391,-2.5294,4.0324
SuperTrend (Triple),TVSMOTOR,1h,Aggressive,27,22.2222,0.7481,-0.3044,-1.9428,14.9896,-8.627,24410.9744,32630.3167,4.0685,-1.5538,11.2746
ATM Premium (Open),TVSMOTOR,5min,Scalping,110,30.0,0.7335,-0.0811,-2.2823,9.7209,-8.6924,24549.0057,33466.1018,0.7439,-0.4346,11.2746
ATM Premium (Open),ACUTAAS,5min,Intraday,102,38.2353,0.9109,-0.076,-0.6856,15.5259,-8.886,79199.7495,86947.0265,2.0308,-1.3801,51.2271
ATM Premium (Open),KAYNES,5min,Aggressive,108,24.0741,0.8827,-0.075,-0.783,15.2274,-8.8958,60970.09,69069.9946,2.345,-0.8423,-6.669
SuperTrend (Triple),NETWEB,15min,Scalping,122,33.6066,0.8695,-0.0703,-0.998,21.037,-8.9156,57178.9316,65760.2007,1.3946,-0.8119,65.5562
ORB + VWAP,ENRIN,5min,Aggressive,76,23.6842,0.7954,-0.1158,-1.5213,13.3527,-8.9259,34222.7889,43024.4838,1.9013,-0.7418,31.7893
SuperTrend (Triple),SIEMENS,1h,Aggressive,23,21.7391,0.7368,-0.3721,-2.0767,15.1043,-9.0168,23954.1311,32512.8103,4.7908,-1.8063,28.0896
ATM Premium (Open),NIFTY_50,5min,Aggressive,79,21.519,0.5346,-0.1193,-4.4796,9.3663,-9.0629,10826.3996,20251.3898,0.6368,-0.3266,-4.6642
ATM Premium (Open),NIFTY_BANK,5min,Aggressive,89,21.3483,0.6282,-0.1063,-3.1786,9.2999,-9.1472,15990.8698,25455.1174,0.8416,-0.3636,-4.7945
SuperTrend (Triple),NIFTY_BANK,5min,Aggressive,249,26.506,0.811,-0.0378,-1.4403,12.0396,-9.1894,40426.3872,49848.832,0.6125,-0.2724,-4.7945
SuperTrend (Triple),TATAELXSI,1h,Scalping,39,30.7692,0.6919,-0.2407,-2.6929,14.4163,-9.3151,21077.8168,30463.74,1.7565,-1.1283,-21.6101
SuperTrend (Triple),THANGAMAYL,1h,Scalping,36,33.3333,0.8172,-0.2404,-1.4792,17.4027,-9.3553,38678.3213,47333.0724,3.2232,-1.9722,46.6111
SuperTrend (Triple),LTM,1h,Aggressive,31,22.5806,0.7821,-0.2825,-1.6758,19.3798,-9.3609,31431.6807,40190.2175,4.4902,-1.6746,-4.9047
SuperTrend (Triple),GVT&D,5min,Intraday,231,36.3636,0.946,-0.0333,-0.3804,27.658,-9.4099,134712.1605,142394.4073,1.6037,-0.9687,19.2918
SuperTrend (Triple),ENRIN,5min,Scalping,367,33.515,0.8976,-0.0265,-0.7606,18.4099,-9.7861,85349.1386,95086.858,0.6939,-0.3897,31.7893
ORB + VWAP,INDIGO,5min,Scalping,83,28.9157,0.5271,-0.1274,-4.5948,10.3707,-10.1082,11783.4114,22353.5888,0.491,-0.3789,7.2569
ATM Premium (Open),TATAELXSI,5min,Intraday,102,36.2745,0.8295,-0.0984,-1.3957,14.1695,-10.1188,48807.9245,58840.8646,1.3191,-0.9052,-21.6101
SuperTrend (Triple),LTM,5min,Intraday,204,36.2745,0.8859,-0.0491,-0.8553,16.2308,-10.2934,77789.423,87808.0622,1.0512,-0.6754,-4.9047
ATM Premium (Open),INDIGO,5min,Scalping,103,30.0971,0.6847,-0.1048,-2.7314,12.4029,-10.4084,23441.0783,34237.3251,0.7562,-0.4755,7.2569
SuperTrend (Triple),GVT&D,5min,Scalping,383,33.9426,0.9122,-0.0268,-0.6234,26.0418,-10.5494,106555.0638,116816.7848,0.8197,-0.4617,19.2918
SuperTrend (Triple),TVSMOTOR,1h,Scalping,41,26.8293,0.6457,-0.2648,-3.2418,13.567,-10.5994,19784.7119,30639.6052,1.7986,-1.0213,11.2746
Adaptive Edge (Vol+IB),MUTHOOTFIN,15min,Intraday,111,33.3333,0.8788,-0.0899,-0.9336,21.7144,-10.6506,72369.6756,82349.6145,1.9559,-1.1128,-24.3252
Adaptive Edge (Vol+IB),NIFTY_50,15min,Intraday,139,35.9712,0.7522,-0.0802,-2.0737,12.4412,-10.7826,33829.4299,44974.7341,0.6766,-0.5053,-4.6642
Adaptive Edge (Vol+IB),DATAPATTNS,15min,Intraday,105,35.2381,0.932,-0.0794,-0.5157,25.4704,-10.7992,114401.4481,122743.0673,3.0919,-1.805,63.7584
ORB + VWAP,HAL,5min,Scalping,115,27.8261,0.5898,-0.1013,-3.8996,11.2997,-11.0904,16754.6349,28406.8197,0.5236,-0.3423,17.1634
ORB + VWAP,TITAN,5min,Scalping,125,29.6,0.5674,-0.0946,-4.0893,12.7506,-11.2363,15514.8025,27344.7411,0.4193,-0.3107,18.3761
Adaptive Edge (Vol+IB),THANGAMAYL,15min,Intraday,114,35.0877,0.9413,-0.0709,-0.4275,38.3691,-11.27,129489.9309,137569.8229,3.2372,-1.8591,46.6111
SuperTrend (Triple),TVSMOTOR,15min,Scalping,132,31.8182,0.7573,-0.0891,-2.068,13.3983,-11.3726,36701.9105,48463.5904,0.8739,-0.5385,11.2746
SuperTrend (Triple),PERSISTENT,1h,Scalping,34,29.4118,0.6177,-0.3478,-3.5501,15.4189,-11.5234,19109.113,30933.6937,1.9109,-1.2889,4.0324
SuperTrend (Triple),NIFTY_BANK,5min,Intraday,233,36.9099,0.7642,-0.0521,-1.956,15.475,-11.6135,39335.243,51470.0919,0.4574,-0.3501,-4.7945
SuperTrend (Triple),SHAILY,15min,Aggressive,92,26.087,0.8838,-0.1119,-0.8143,18.7033,-11.6868,78261.3899,88553.7871,3.2609,-1.3023,62.6742
SuperTrend (Triple),HAL,15min,Intraday,82,31.7073,0.7643,-0.1474,-1.9121,14.0415,-11.9281,39207.8845,51297.4383,1.508,-0.916,17.1634
Adaptive Edge (Vol+IB),LTM,15min,Aggressive,113,25.6637,0.8503,-0.1025,-1.1144,19.6646,-11.9944,65817.7221,77404.8985,2.2696,-0.9215,-4.9047
ATM Premium (Open),INDIGO,5min,Intraday,97,34.0206,0.7905,-0.1256,-1.6851,14.0689,-12.0644,45963.4364,58142.4733,1.3928,-0.9085,7.2569
SuperTrend (Triple),TVSMOTOR,5min,Scalping,353,34.2776,0.8256,-0.0356,-1.3638,15.7739,-12.0884,59550.6546,72130.0305,0.4922,-0.3109,11.2746
Flow Navigator (Vol),MCX,1h,Intraday,18,27.7778,0.6323,-0.677,-3.3696,20.2803,-12.2673,20951.1936,33137.4887,4.1902,-2.549,23.8886
SuperTrend (Triple),TITAN,5min,Scalping,356,33.9888,0.7969,-0.0364,-1.5661,15.1882,-12.3777,50894.0161,63863.7031,0.4206,-0.2718,18.3761
SuperTrend (Triple),LTM,5min,Aggressive,207,23.6715,0.8501,-0.0599,-1.0439,18.5519,-12.4044,70269.8522,82662.7289,1.4341,-0.5232,-4.9047
ORB + VWAP,SIEMENS,5min,Scalping,133,28.5714,0.6784,-0.0984,-2.8373,15.0869,-12.4465,27608.4511,40694.3643,0.7265,-0.4284,28.0896
SuperTrend (Triple),TITAN,1h,Scalping,36,22.2222,0.4847,-0.3695,-5.4289,15.6834,-12.6556,12512.7455,25815.3631,1.5641,-0.922,18.3761
SuperTrend (Triple),ACUTAAS,5min,Scalping,354,33.6158,0.8792,-0.0361,-0.8697,21.9537,-12.6756,93055.4347,105842.2335,0.782,-0.4504,51.2271
Flow Navigator (Vol),SHAILY,1h,Scalping,16,18.75,0.4436,-0.8221,-5.8957,13.8681,-12.6935,10487.7679,23641.8027,3.4959,-1.8186,62.6742
SuperTrend (Triple),SHAILY,5min,Intraday,215,33.9535,0.9204,-0.0525,-0.5605,24.1653,-12.7541,130488.6828,141779.0439,1.7875,-0.9984,62.6742
ORB + VWAP,TVSMOTOR,5min,Aggressive,89,20.2247,0.6487,-0.1518,-2.9052,18.116,-12.9065,24939.653,38447.2535,1.3855,-0.5415,11.2746
ATM Premium (Open),TORNTPHARM,5min,Intraday,98,31.6327,0.7353,-0.1366,-2.2736,12.9189,-12.9189,37176.8572,50560.1768,1.1993,-0.7546,19.3096
ATM Premium (Open),MCX,5min,Aggressive,108,22.2222,0.7865,-0.1214,-1.6089,19.9385,-12.9549,48272.0694,61378.3644,2.0113,-0.7307,23.8886
ATM Premium (Open),HAL,5min,Aggressive,93,22.5806,0.6799,-0.1464,-2.6761,17.3507,-13.035,28917.0256,42528.5104,1.377,-0.5907,17.1634
ATM Premium (Open),MCX,5min,Intraday,113,35.3982,0.8134,-0.1179,-1.5343,21.2062,-13.1997,58039.8885,71357.8539,1.451,-0.9775,23.8886
ORB + VWAP,TVSMOTOR,5min,Intraday,85,29.4118,0.6649,-0.1629,-2.9288,16.7189,-13.2256,27478.4819,41326.3041,1.0991,-0.6888,11.2746
ORB + VWAP,GVT&D,5min,Aggressive,78,23.0769,0.756,-0.1726,-1.798,20.0516,-13.3775,41711.5103,55177.5525,2.3173,-0.9196,19.2918
ATM Premium (Open),TITAN,5min,Aggressive,96,18.75,0.67,-0.1461,-2.4735,16.7241,-13.4531,28474.1742,42499.8069,1.5819,-0.5449,18.3761
SuperTrend (Triple),ACUTAAS,5min,Aggressive,218,24.7706,0.8898,-0.0591,-0.7439,23.636,-13.589,104064.1883,116954.472,1.9271,-0.7131,51.2271
ATM Premium (Open),TATAELXSI,5min,Aggressive,107,22.4299,0.7459,-0.1323,-2.0051,16.2887,-13.7025,41530.9215,55681.6791,1.7305,-0.6709,-21.6101
Flow Navigator (Vol),TORNTPHARM,1h,Aggressive,13,7.6923,0.2047,-1.1206,-11.7375,13.7459,-13.7459,3749.7858,18317.4904,3.7498,-1.5265,19.3096
SuperTrend (Triple),NIFTY_50,5min,Aggressive,266,23.6842,0.6794,-0.055,-2.6024,13.9412,-13.7471,31011.2867,45647.0027,0.4922,-0.2249,-4.6642
Adaptive Edge (Vol+IB),TATAELXSI,15min,Aggressive,126,23.0159,0.8223,-0.1099,-1.3128,15.9775,-13.8883,64114.4803,77965.5004,2.2108,-0.8038,-21.6101
Adaptive Edge (Vol+IB),MUTHOOTFIN,15min,Aggressive,112,21.4286,0.8158,-0.1244,-1.3115,26.289,-14.0899,61741.3904,75677.387,2.5726,-0.86,-24.3252
ORB + VWAP,HAL,5min,Intraday,81,27.1605,0.6098,-0.1842,-3.6002,15.5403,-14.0966,23315.5952,38233.2805,1.0598,-0.648,17.1634
ATM Premium (Open),INDIGO,5min,Aggressive,95,21.0526,0.7148,-0.1552,-2.1865,14.2238,-14.2238,36952.3517,51692.6091,1.8476,-0.6892,7.2569
SuperTrend (Triple),BSE,15min,Scalping,115,30.4348,0.6801,-0.133,-2.8615,18.15,-14.4557,32508.0723,47801.7562,0.9288,-0.5975,12.3376
ATM Premium (Open),KAYNES,5min,Scalping,114,28.0702,0.6775,-0.1339,-2.7356,16.1697,-14.4608,32070.9815,47340.687,1.0022,-0.5773,-6.669
Adaptive Edge (Vol+IB),PERSISTENT,15min,Intraday,100,35.0,0.835,-0.146,-1.3327,20.066,-14.8756,73921.5001,88524.1823,2.112,-1.3619,4.0324
ATM Premium (Open),THANGAMAYL,5min,Intraday,107,36.4486,0.8587,-0.134,-1.1118,30.4041,-15.0287,87140.7035,101481.2335,2.2344,-1.4924,46.6111
SuperTrend (Triple),ENRIN,1h,Scalping,38,23.6842,0.5893,-0.4164,-3.8908,22.6433,-15.1156,22700.8395,38524.1986,2.5223,-1.3284,31.7893
ORB + VWAP,GVT&D,5min,Scalping,99,30.303,0.6257,-0.1652,-3.3298,15.3803,-15.3542,27331.9334,43684.5771,0.9111,-0.6331,19.2918
SuperTrend (Triple),DATAPATTNS,5min,Intraday,234,33.7607,0.894,-0.0635,-0.7542,25.3912,-15.5758,125370.3454,140232.9093,1.587,-0.9047,63.7584
Adaptive Edge (Vol+IB),LTM,15min,Intraday,114,35.0877,0.8259,-0.1385,-1.4088,21.4192,-15.7739,74878.1469,90663.169,1.872,-1.2252,-4.9047
SuperTrend (Triple),NIFTY_BANK,5min,Scalping,386,34.715,0.6453,-0.0445,-3.259,16.3971,-15.868,31262.482,48446.5166,0.2333,-0.1922,-4.7945
SuperTrend (Triple),HAL,1h,Intraday,24,25.0,0.4869,-0.699,-5.4651,16.5373,-15.8936,15916.0867,32691.7365,2.6527,-1.8162,17.1634
ATM Premium (Open),ENRIN,5min,Aggressive,103,23.301,0.7585,-0.1624,-1.9362,18.0913,-16.1694,52526.0402,69252.5645,2.1886,-0.8766,31.7893
ATM Premium (Open),NETWEB,5min,Intraday,113,33.6283,0.841,-0.1439,-1.2609,23.1933,-16.5504,85979.1513,102234.9468,2.2626,-1.3631,65.5562
SuperTrend (Triple),TATAELXSI,5min,Scalping,358,31.0056,0.7693,-0.0498,-1.8623,22.8314,-16.6075,59484.1188,77319.5823,0.5359,-0.313,-21.6101
SuperTrend (Triple),ENRIN,15min,Intraday,88,34.0909,0.7804,-0.1952,-1.8401,25.5314,-16.8239,61033.5567,78209.2989,2.0345,-1.3484,31.7893
SuperTrend (Triple),NIFTY_50,5min,Scalping,402,34.3284,0.575,-0.0457,-4.0161,16.8466,-16.8466,24869.1454,43247.7584,0.1802,-0.1638,-4.6642
SuperTrend (Triple),SIEMENS,15min,Scalping,137,29.927,0.7007,-0.1318,-2.6361,21.0409,-16.8819,42260.5058,60312.0296,1.0307,-0.6283,28.0896
SuperTrend (Triple),BSE,5min,Aggressive,223,24.6637,0.7971,-0.08,-1.4997,18.7434,-17.006,70079.312,87921.2285,1.2742,-0.5233,12.3376
SuperTrend (Triple),TITAN,1h,Aggressive,24,16.6667,0.3547,-0.7699,-7.3362,23.0141,-17.1928,10158.2818,28635.1934,2.5396,-1.4318,18.3761
Adaptive Edge (Vol+IB),NIFTY_BANK,15min,Aggressive,142,23.9437,0.6609,-0.1329,-2.9287,21.8673,-17.5084,36782.2833,55652.4954,1.0818,-0.5153,-4.7945
SuperTrend (Triple),MUTHOOTFIN,5min,Scalping,372,31.4516,0.7809,-0.0509,-1.669,21.7611,-17.6098,67487.7217,86420.4199,0.5768,-0.3389,-24.3252
SuperTrend (Triple),INDIGO,5min,Scalping,339,33.3333,0.7277,-0.0572,-2.2615,18.7205,-17.8629,51853.7928,71253.9202,0.4589,-0.3153,7.2569
Flow Navigator (Vol),TITAN,1h,Aggressive,13,0.0,0.0,-1.5417,-35.9735,18.312,-18.312,0.0,20041.6207,0,-1.5417,18.3761
SuperTrend (Triple),SHAILY,5min,Aggressive,241,23.2365,0.8751,-0.0738,-0.8182,24.8665,-18.3138,124693.5564,142489.6342,2.2267,-0.7702,62.6742
SuperTrend (Triple),SHAILY,1h,Scalping,33,24.2424,0.5536,-0.595,-4.3899,23.7881,-18.4793,24345.5665,43980.058,3.0432,-1.7592,62.6742
ATM Premium (Open),THANGAMAYL,5min,Aggressive,103,24.2718,0.7881,-0.1835,-1.6185,29.3973,-18.5785,70287.305,89188.0004,2.8115,-1.1434,46.6111
Adaptive Edge (Vol+IB),PERSISTENT,15min,Aggressive,119,21.8487,0.7878,-0.1609,-1.598,24.1891,-18.6604,71107.0444,90254.7317,2.7349,-0.9705,4.0324
SuperTrend (Triple),HAL,5min,Intraday,214,35.514,0.7571,-0.0938,-2.0082,22.1934,-18.663,62534.3543,82597.2993,0.8228,-0.5985,17.1634
ATM Premium (Open),TORNTPHARM,5min,Aggressive,93,18.2796,0.5525,-0.2196,-4.1011,20.1853,-18.7564,25207.3865,45625.9996,1.4828,-0.6003,19.3096
ATM Premium (Open),HAL,5min,Intraday,92,29.3478,0.593,-0.2226,-3.9039,21.56,-18.8388,29836.1196,50314.0337,1.105,-0.7741,17.1634
SuperTrend (Triple),PERSISTENT,5min,Scalping,370,31.3514,0.7749,-0.0563,-1.8119,22.0865,-19.1603,71669.9003,92486.8481,0.6178,-0.3641,4.0324
Adaptive Edge (Vol+IB),MCX,15min,Scalping,214,31.3084,0.7897,-0.0961,-1.7239,22.2165,-19.2651,77222.7672,97782.0921,1.1526,-0.6652,23.8886
ORB + VWAP,SHAILY,5min,Intraday,102,37.2549,0.7605,-0.1985,-1.9741,27.6286,-19.39,64309.6914,84558.5141,1.6924,-1.3212,62.6742
SuperTrend (Triple),HAL,5min,Aggressive,229,23.5808,0.7371,-0.0921,-2.03,23.6961,-19.4963,59122.6125,80211.2198,1.0949,-0.4583,17.1634
Adaptive Edge (Vol+IB),MUTHOOTFIN,15min,Scalping,205,27.3171,0.7461,-0.104,-2.0842,26.9321,-19.7255,62642.7695,83965.9067,1.1186,-0.5635,-24.3252
Adaptive Edge (Vol+IB),NIFTY_BANK,15min,Intraday,137,30.6569,0.628,-0.1599,-3.4615,21.9033,-19.9784,36982.2225,58886.6659,0.8805,-0.6199,-4.7945
SuperTrend (Triple),SIEMENS,5min,Scalping,363,32.5069,0.7569,-0.0603,-2.0014,23.0726,-19.9861,68119.2974,89996.8661,0.5773,-0.3673,28.0896
SuperTrend (Triple),NIFTY_50,5min,Intraday,257,30.7393,0.5604,-0.0863,-4.2187,19.9986,-19.9986,28257.7503,50425.9403,0.3577,-0.2833,-4.6642
SuperTrend (Triple),LTM,1h,Intraday,30,26.6667,0.5642,-0.7093,-4.2829,23.22,-20.0332,27553.6265,48832.8784,3.4442,-2.2197,-4.9047
SuperTrend (Triple),GVT&D,1h,Aggressive,29,17.2414,0.6265,-0.7238,-3.0982,22.4221,-20.5004,35200.2007,56189.7394,7.04,-2.3412,19.2918
ATM Premium (Open),NETWEB,5min,Scalping,117,26.4957,0.6286,-0.1931,-3.3642,22.3775,-20.6211,38237.3755,60829.4288,1.2335,-0.7073,65.5562
SuperTrend (Triple),KAYNES,5min,Intraday,228,33.7719,0.8248,-0.0958,-1.3619,29.0775,-20.7643,102909.1405,124762.7008,1.3365,-0.8262,-6.669
Adaptive Edge (Vol+IB),DATAPATTNS,15min,Scalping,190,29.4737,0.8102,-0.1161,-1.5186,21.1121,-20.9072,94162.2832,116219.7094,1.6815,-0.8673,63.7584
SuperTrend (Triple),ENRIN,5min,Aggressive,239,22.5941,0.8019,-0.0939,-1.4428,21.7754,-21.1059,90796.9825,113234.2922,1.6814,-0.6121,31.7893
Adaptive Edge (Vol+IB),DATAPATTNS,15min,Aggressive,112,21.4286,0.8254,-0.1854,-1.2696,31.8763,-21.1101,98161.2216,118925.0162,4.0901,-1.3514,63.7584
SuperTrend (Triple),SHAILY,1h,Intraday,20,25.0,0.5888,-1.0887,-3.807,22.291,-21.2029,31174.9955,52949.2226,6.235,-3.5299,62.6742
Flow Navigator (Vol),TITAN,1h,Intraday,12,0.0,0.0,-2.0221,-33.7723,21.7806,-21.7806,0.0,24264.8078,0,-2.0221,18.3761
Adaptive Edge (Vol+IB),NIFTY_50,15min,Scalping,274,27.7372,0.5185,-0.09,-4.8261,22.2172,-21.9558,26551.6142,51210.4563,0.3494,-0.2586,-4.6642
ATM Premium (Open),TVSMOTOR,5min,Aggressive,106,18.8679,0.5557,-0.2315,-4.0989,24.6852,-22.1082,30689.3373,55226.3148,1.5345,-0.6422,11.2746
Adaptive Edge (Vol+IB),INDIGO,15min,Intraday,126,30.1587,0.7588,-0.1876,-1.9482,28.4998,-22.2076,74357.9259,97996.0813,1.9568,-1.1136,7.2569
ORB + VWAP,SIEMENS,5min,Intraday,99,28.2828,0.5832,-0.2506,-4.0324,25.5415,-22.3678,34722.8515,59534.1095,1.2401,-0.8385,28.0896
Adaptive Edge (Vol+IB),MCX,15min,Intraday,122,31.9672,0.7763,-0.1977,-1.8499,31.3297,-22.7932,83671.7032,107785.9805,2.1454,-1.2986,23.8886
Adaptive Edge (Vol+IB),KAYNES,15min,Scalping,221,30.3167,0.773,-0.1174,-1.7964,23.898,-23.7744,88367.8106,114323.2997,1.3189,-0.7424,-6.669
Adaptive Edge (Vol+IB),TVSMOTOR,15min,Aggressive,141,21.2766,0.7024,-0.1852,-2.3651,27.492,-23.8197,61635.0167,87746.9106,2.0545,-0.7905,11.2746
Adaptive Edge (Vol+IB),SIEMENS,15min,Intraday,119,30.2521,0.7379,-0.2278,-2.2216,34.8924,-24.9408,76304.1502,103408.0237,2.1196,-1.2459,28.0896
ATM Premium (Open),SHAILY,5min,Aggressive,104,21.1538,0.6953,-0.2613,-2.3837,26.0896,-24.9894,62032.1553,89211.7529,2.8196,-1.0879,62.6742
SuperTrend (Triple),HAL,5min,Scalping,387,29.9742,0.6508,-0.0738,-3.0445,26.8465,-25.0517,53191.1195,81732.7847,0.4585,-0.3016,17.1634
Adaptive Edge (Vol+IB),LTM,15min,Scalping,190,27.8947,0.6562,-0.1492,-3.098,26.2419,-25.1179,54119.8152,82472.8154,1.0211,-0.602,-4.9047
SuperTrend (Triple),SIEMENS,1h,Intraday,26,19.2308,0.4229,-1.0906,-6.4179,25.4839,-25.4839,20781.8579,49136.2589,4.1564,-2.3398,28.0896
Adaptive Edge (Vol+IB),HAL,15min,Intraday,118,28.8136,0.6513,-0.2422,-3.0976,25.7712,-25.5518,53374.8758,81949.5088,1.5698,-0.9756,17.1634
SuperTrend (Triple),ACUTAAS,5min,Intraday,215,33.9535,0.7838,-0.1356,-1.6685,34.6294,-26.6164,105667.9298,134818.8368,1.4475,-0.9494,51.2271
Adaptive Edge (Vol+IB),THANGAMAYL,15min,Scalping,196,29.0816,0.7691,-0.1519,-1.8515,37.1439,-26.9828,99189.7458,128969.4543,1.7402,-0.9278,46.6111
ATM Premium (Open),TVSMOTOR,5min,Intraday,108,26.8519,0.5345,-0.2876,-4.7389,28.6048,-27.0946,35661.7084,66721.7573,1.2297,-0.8446,11.2746
Adaptive Edge (Vol+IB),NIFTY_BANK,15min,Scalping,268,27.6119,0.5028,-0.1197,-5.2189,28.196,-27.5786,32433.0355,64503.7781,0.4383,-0.3325,-4.7945
Adaptive Edge (Vol+IB),PERSISTENT,15min,Scalping,191,26.178,0.6302,-0.1749,-3.3577,31.4377,-28.8852,56943.2135,90353.4129,1.1389,-0.6408,4.0324
Adaptive Edge (Vol+IB),INDIGO,15min,Scalping,219,26.0274,0.6138,-0.154,-3.4247,29.5994,-29.0409,53613.3606,87340.2484,0.9406,-0.5391,7.2569
Adaptive Edge (Vol+IB),TATAELXSI,15min,Intraday,119,29.4118,0.6415,-0.2811,-3.3183,32.6179,-29.2221,59845.9091,93296.3744,1.7099,-1.1107,-21.6101
SuperTrend (Triple),BSE,5min,Intraday,221,32.5792,0.6703,-0.1546,-2.897,29.9402,-29.5233,69470.5371,103643.9488,0.9649,-0.6956,12.3376
Adaptive Edge (Vol+IB),HAL,15min,Aggressive,132,18.1818,0.5609,-0.264,-3.7882,31.0497,-30.0174,44522.8494,79375.5799,1.8551,-0.735,17.1634
ATM Premium (Open),SHAILY,5min,Intraday,105,31.4286,0.663,-0.3377,-2.9934,32.0524,-31.0551,69756.7143,105219.1241,2.1138,-1.4614,62.6742
Adaptive Edge (Vol+IB),GVT&D,15min,Scalping,207,27.5362,0.7056,-0.1742,-2.4751,34.336,-31.1888,86454.9188,122523.0887,1.5168,-0.8168,19.2918
Adaptive Edge (Vol+IB),TVSMOTOR,15min,Intraday,119,28.5714,0.5721,-0.3364,-4.1512,38.486,-33.6802,53520.9723,93547.6243,1.5741,-1.1006,11.2746
SuperTrend (Triple),ENRIN,5min,Intraday,238,31.0924,0.6706,-0.1812,-2.9016,37.9405,-35.8029,87782.0772,130902.0528,1.1862,-0.7982,31.7893
Adaptive Edge (Vol+IB),TATAELXSI,15min,Scalping,208,23.0769,0.4941,-0.2122,-5.2546,36.1076,-35.9895,43104.6025,87245.062,0.898,-0.5453,-21.6101
Adaptive Edge (Vol+IB),SIEMENS,15min,Aggressive,132,17.4242,0.5688,-0.3318,-3.7705,41.4555,-36.3276,57771.0531,101574.9969,2.5118,-0.9319,28.0896
Adaptive Edge (Vol+IB),TITAN,15min,Intraday,118,22.8814,0.438,-0.398,-6.1778,39.327,-37.9169,36604.3717,83568.2408,1.3557,-0.9183,18.3761
Adaptive Edge (Vol+IB),ACUTAAS,15min,Aggressive,128,18.75,0.6378,-0.3582,-2.9491,40.3645,-38.2803,80714.4493,126560.9436,3.3631,-1.2169,51.2271
Adaptive Edge (Vol+IB),HAL,15min,Scalping,211,20.8531,0.4121,-0.2279,-6.5336,38.6239,-38.411,33711.8624,81803.9498,0.7662,-0.4898,17.1634
Adaptive Edge (Vol+IB),TITAN,15min,Aggressive,139,13.6691,0.4128,-0.3443,-6.1166,38.4265,-38.4265,33641.4267,81504.6421,1.7706,-0.6792,18.3761
Adaptive Edge (Vol+IB),GVT&D,15min,Intraday,119,31.0924,0.6627,-0.3999,-3.0032,45.2724,-39.5405,93500.8121,141093.2666,2.527,-1.7206,19.2918
Adaptive Edge (Vol+IB),ENRIN,15min,Scalping,196,22.449,0.5225,-0.258,-4.7622,40.6795,-40.1618,55331.5247,105899.6437,1.2575,-0.6967,31.7893
Adaptive Edge (Vol+IB),ACUTAAS,15min,Scalping,185,24.3243,0.5495,-0.2743,-4.3276,40.8166,-40.3923,61898.0374,112637.2213,1.3755,-0.8046,51.2271
Adaptive Edge (Vol+IB),TORNTPHARM,15min,Aggressive,144,13.1944,0.4218,-0.3628,-5.9663,41.1412,-41.1412,38107.9592,90353.8029,2.0057,-0.7228,19.3096
Adaptive Edge (Vol+IB),GVT&D,15min,Aggressive,128,19.5312,0.6097,-0.4009,-3.3244,47.2551,-41.5568,80162.6098,131472.3396,3.2065,-1.2764,19.2918
Adaptive Edge (Vol+IB),TVSMOTOR,15min,Scalping,229,20.524,0.4374,-0.2342,-6.1384,42.1979,-41.7902,41701.7883,95332.9894,0.8873,-0.5238,11.2746
Adaptive Edge (Vol+IB),TITAN,15min,Scalping,220,16.3636,0.3343,-0.2515,-8.04,43.1988,-42.6964,27793.3646,83134.1439,0.772,-0.4518,18.3761
Adaptive Edge (Vol+IB),TORNTPHARM,15min,Intraday,130,20.7692,0.4295,-0.4375,-6.3643,45.0988,-43.8809,42822.6748,99699.7528,1.586,-0.968,19.3096
Adaptive Edge (Vol+IB),ENRIN,15min,Aggressive,145,16.5517,0.546,-0.3939,-4.0589,44.5634,-44.5196,68699.793,125812.3097,2.8625,-1.0398,31.7893
Adaptive Edge (Vol+IB),TORNTPHARM,15min,Scalping,227,15.859,0.3478,-0.2605,-7.9933,44.8527,-44.8527,31537.5873,90674.425,0.876,-0.4747,19.3096
Adaptive Edge (Vol+IB),SIEMENS,15min,Scalping,208,20.1923,0.4372,-0.2831,-6.1139,45.4476,-44.8617,45755.8299,104646.4524,1.0894,-0.6304,28.0896
Adaptive Edge (Vol+IB),ENRIN,15min,Intraday,131,25.9542,0.553,-0.4587,-4.3857,46.253,-46.2105,74317.2474,134401.3266,2.1858,-1.3856,31.7893
Adaptive Edge (Vol+IB),ACUTAAS,15min,Intraday,126,26.9841,0.5964,-0.4807,-3.723,48.1312,-46.9203,89519.0076,150090.9029,2.6329,-1.6314,51.2271
Adaptive Edge (Vol+IB),SHAILY,15min,Scalping,204,23.5294,0.5498,-0.3068,-4.302,49.5003,-47.2559,76416.171,138994.467,1.592,-0.891,62.6742
Adaptive Edge (Vol+IB),SHAILY,15min,Aggressive,122,17.2131,0.5529,-0.5078,-4.0061,54.1353,-47.5493,76606.4779,138554.291,3.6479,-1.3718,62.6742
Adaptive Edge (Vol+IB),SHAILY,15min,Intraday,119,24.3697,0.5339,-0.6304,-4.4981,57.8434,-54.2335,85935.6337,160949.9843,2.9633,-1.7883,62.6742
