symbol,tf,strategy,profile,trades,win_rate,pf,sharpe,expectancy,net_return,pnl_usd,max_dd,oos_sharpe,p_loss,dsr,beats_hold,ret%,oos_keep,excess_vs_hold,mc_ret_p05,mc_dd_p05,P_loss%
BTCUSD,15m,ma_crossover,Scalping,5983,0.3435,0.7043,-2.4074,-0.000826,-0.99346,-496.73,-0.9935,-14.4252,1.0,0.0,False,-99.3,1.01,-1.714,-99.7,-99.7,100.0
BTCUSD,15m,ma_crossover,Intraday,2204,0.3775,0.8681,-0.9698,-0.000669,-0.799311,-399.66,-0.8359,-5.9482,0.999,0.0,False,-79.9,1.03,-1.5199,-91.5,-92.4,100.0
BTCUSD,15m,ma_crossover,Aggressive,2281,0.2626,0.8588,-0.9648,-0.000655,-0.803222,-401.61,-0.8506,-5.8356,0.9987,0.0,False,-80.3,1.0,-1.5238,-91.4,-92.2,100.0
BTCUSD,15m,ma_crossover,Intraday_Trailing,2204,0.3775,0.8681,-0.9698,-0.000669,-0.799311,-399.66,-0.8359,-5.9482,0.999,0.0,False,-79.9,1.03,-1.5199,-91.5,-92.4,100.0
BTCUSD,15m,ma_crossover,Scale_Out_2R,1964,0.3523,0.9034,-0.6839,-0.000512,-0.680852,-340.43,-0.7472,-4.2005,0.9827,0.0,False,-68.1,1.02,-1.4014,-86.7,-88.2,98.0
BTCUSD,15m,mean_reversion,Scalping,1876,0.3145,0.6234,-3.1354,-0.00123,-0.904097,-452.05,-0.908,-18.7731,1.0,0.0,False,-90.4,1.01,-1.6247,-93.7,-93.9,100.0
BTCUSD,15m,mean_reversion,Intraday,1394,0.3587,0.8079,-1.4012,-0.001069,-0.796443,-398.22,-0.8303,-8.4178,1.0,0.0,False,-79.6,1.02,-1.517,-90.1,-90.8,100.0
BTCUSD,15m,mean_reversion,Aggressive,1472,0.2371,0.7494,-1.7436,-0.001302,-0.867386,-433.69,-0.8889,-10.3655,1.0,0.0,False,-86.7,1.0,-1.5879,-93.7,-94.0,100.0
BTCUSD,15m,mean_reversion,Intraday_Trailing,1394,0.3587,0.8079,-1.4012,-0.001069,-0.796443,-398.22,-0.8303,-8.4178,1.0,0.0,False,-79.6,1.02,-1.517,-90.1,-90.8,100.0
BTCUSD,15m,mean_reversion,Scale_Out_2R,1345,0.3316,0.8236,-1.2449,-0.001027,-0.775929,-387.96,-0.8229,-7.4757,0.9997,0.0,False,-77.6,1.03,-1.4965,-89.6,-90.8,100.0
BTCUSD,15m,bb_rsi_reversion,Scalping,1631,0.3139,0.6038,-3.3558,-0.001302,-0.884118,-442.06,-0.8868,-19.7486,1.0,0.0,False,-88.4,1.0,-1.6047,-92.2,-92.3,100.0
BTCUSD,15m,bb_rsi_reversion,Intraday,1258,0.3561,0.7966,-1.4997,-0.00114,-0.782489,-391.24,-0.8157,-8.9875,0.9993,0.0,False,-78.2,1.02,-1.503,-89.4,-90.1,100.0
BTCUSD,15m,bb_rsi_reversion,Aggressive,1320,0.2583,0.8295,-1.1278,-0.00086,-0.708144,-354.07,-0.7703,-6.975,0.997,0.0,False,-70.8,1.04,-1.4287,-85.3,-86.5,100.0
BTCUSD,15m,bb_rsi_reversion,Intraday_Trailing,1258,0.3561,0.7966,-1.4997,-0.00114,-0.782489,-391.24,-0.8157,-8.9875,0.9993,0.0,False,-78.2,1.02,-1.503,-89.4,-90.1,100.0
BTCUSD,15m,bb_rsi_reversion,Scale_Out_2R,1214,0.3344,0.8284,-1.2142,-0.001,-0.732284,-366.14,-0.7872,-7.3813,0.9983,0.0,False,-73.2,1.02,-1.4528,-86.8,-87.9,100.0
BTCUSD,15m,vwap_cross,Scalping,2408,0.348,0.7371,-2.07,-0.000698,-0.820369,-410.18,-0.8263,-12.6781,1.0,0.0,False,-82.0,1.03,-1.5409,-88.5,-88.8,100.0
BTCUSD,15m,vwap_cross,Intraday,1450,0.3862,0.9393,-0.4212,-0.000281,-0.386312,-193.16,-0.4937,-2.7568,0.8953,0.0,False,-38.6,1.07,-1.1069,-68.0,-72.1,90.0
BTCUSD,15m,vwap_cross,Aggressive,1597,0.2711,0.9021,-0.6384,-0.000421,-0.532105,-266.05,-0.5802,-4.0703,0.9727,0.0,False,-53.2,1.08,-1.2527,-76.7,-79.1,97.0
BTCUSD,15m,vwap_cross,Intraday_Trailing,1450,0.3862,0.9393,-0.4212,-0.000281,-0.386312,-193.16,-0.4937,-2.7568,0.8953,0.0,False,-38.6,1.07,-1.1069,-68.0,-72.1,90.0
BTCUSD,15m,vwap_cross,Scale_Out_2R,1377,0.3595,0.9603,-0.2683,-0.000193,-0.298194,-149.1,-0.4573,-1.7982,0.8063,0.0001,False,-29.8,1.06,-1.0187,-65.3,-70.1,81.0
BTCUSD,15m,breakout,Scalping,2258,0.3175,0.6053,-3.4862,-0.001119,-0.922513,-461.26,-0.9229,-20.968,1.0,0.0,False,-92.3,1.02,-1.6431,-94.7,-94.8,100.0
BTCUSD,15m,breakout,Intraday,1489,0.3613,0.7743,-1.7301,-0.00109,-0.816819,-408.41,-0.8239,-10.2766,1.0,0.0,False,-81.7,1.01,-1.5374,-90.3,-90.9,100.0
BTCUSD,15m,breakout,Aggressive,1530,0.2529,0.7783,-1.6047,-0.000961,-0.785506,-392.75,-0.8078,-9.7001,1.0,0.0,False,-78.6,1.02,-1.5061,-88.0,-88.8,100.0
BTCUSD,15m,breakout,Intraday_Trailing,1489,0.3613,0.7743,-1.7301,-0.00109,-0.816819,-408.41,-0.8239,-10.2766,1.0,0.0,False,-81.7,1.01,-1.5374,-90.3,-90.9,100.0
BTCUSD,15m,breakout,Scale_Out_2R,1404,0.3383,0.8147,-1.3585,-0.000927,-0.749169,-374.58,-0.7799,-8.1893,1.0,0.0,False,-74.9,1.03,-1.4697,-87.2,-88.1,100.0
BTCUSD,15m,price_action,Scalping,2820,0.3397,0.6959,-2.4708,-0.000907,-0.926207,-463.1,-0.9261,-14.8211,1.0,0.0,False,-92.6,1.01,-1.6468,-95.5,-95.6,100.0
BTCUSD,15m,price_action,Intraday,1700,0.3682,0.8366,-1.213,-0.000885,-0.801901,-400.95,-0.8314,-7.4283,0.9997,0.0,False,-80.2,1.02,-1.5225,-91.0,-91.7,100.0
BTCUSD,15m,price_action,Aggressive,1772,0.2652,0.8352,-1.1347,-0.000804,-0.784935,-392.47,-0.8171,-6.9659,1.0,0.0,False,-78.5,1.04,-1.5055,-90.5,-91.3,100.0
BTCUSD,15m,price_action,Intraday_Trailing,1700,0.3682,0.8366,-1.213,-0.000885,-0.801901,-400.95,-0.8314,-7.4283,0.9997,0.0,False,-80.2,1.02,-1.5225,-91.0,-91.7,100.0
BTCUSD,15m,price_action,Scale_Out_2R,1579,0.342,0.844,-1.1366,-0.000885,-0.780974,-390.49,-0.8184,-6.9956,0.999,0.0,False,-78.1,1.04,-1.5015,-90.1,-91.0,100.0
BTCUSD,15m,smc,Scalping,3546,0.3319,0.6642,-2.7915,-0.000993,-0.972089,-486.04,-0.9732,-16.8822,1.0,0.0,False,-97.2,1.02,-1.6926,-98.4,-98.4,100.0
BTCUSD,15m,smc,Intraday,1927,0.3752,0.8502,-1.0974,-0.000805,-0.813903,-406.95,-0.8627,-6.8686,0.9993,0.0,False,-81.4,1.04,-1.5345,-91.8,-92.5,100.0
BTCUSD,15m,smc,Aggressive,1925,0.2717,0.8692,-0.8747,-0.000637,-0.741515,-370.76,-0.8277,-5.32,0.9977,0.0,False,-74.2,1.01,-1.4621,-88.7,-90.1,100.0
BTCUSD,15m,smc,Intraday_Trailing,1927,0.3752,0.8502,-1.0974,-0.000805,-0.813903,-406.95,-0.8627,-6.8686,0.9993,0.0,False,-81.4,1.04,-1.5345,-91.8,-92.5,100.0
BTCUSD,15m,smc,Scale_Out_2R,1754,0.3472,0.8578,-1.0191,-0.000805,-0.787591,-393.8,-0.8568,-6.3974,1.0,0.0,False,-78.8,1.06,-1.5081,-90.9,-91.9,100.0
BTCUSD,30m,ma_crossover,Scalping,2925,0.3368,0.7588,-1.921,-0.000932,-0.94005,-470.02,-0.9452,-11.442,1.0,0.0,False,-94.0,1.0,-1.6606,-96.9,-97.1,100.0
BTCUSD,30m,ma_crossover,Intraday,1079,0.3828,0.9156,-0.6152,-0.000609,-0.545935,-272.97,-0.6539,-3.6867,0.939,0.0,False,-54.6,1.05,-1.2665,-80.5,-83.2,94.0
BTCUSD,30m,ma_crossover,Aggressive,1144,0.2701,0.9219,-0.5215,-0.0005,-0.505021,-252.51,-0.6307,-3.205,0.9107,0.0,False,-50.5,1.07,-1.2256,-78.3,-81.6,91.0
BTCUSD,30m,ma_crossover,Intraday_Trailing,1079,0.3828,0.9156,-0.6152,-0.000609,-0.545935,-272.97,-0.6539,-3.6867,0.939,0.0,False,-54.6,1.05,-1.2665,-80.5,-83.2,94.0
BTCUSD,30m,ma_crossover,Scale_Out_2R,1004,0.3436,0.9095,-0.6488,-0.00068,-0.559847,-279.92,-0.6711,-3.9632,0.9403,0.0,False,-56.0,1.04,-1.2804,-81.4,-83.9,94.0
BTCUSD,30m,mean_reversion,Scalping,985,0.3289,0.7618,-1.8055,-0.001012,-0.64526,-322.63,-0.6812,-11.1274,1.0,0.0,False,-64.5,1.04,-1.3658,-77.5,-78.4,100.0
BTCUSD,30m,mean_reversion,Intraday,723,0.3804,0.9418,-0.4026,-0.000434,-0.342147,-171.07,-0.4498,-2.2964,0.8117,0.0001,False,-34.2,1.03,-1.0627,-68.3,-72.9,81.0
BTCUSD,30m,mean_reversion,Aggressive,765,0.2654,0.951,-0.3079,-0.000338,-0.310593,-155.3,-0.4531,-1.8874,0.787,0.0002,False,-31.1,1.17,-1.0311,-68.9,-74.1,79.0
BTCUSD,30m,mean_reversion,Intraday_Trailing,723,0.3804,0.9418,-0.4026,-0.000434,-0.342147,-171.07,-0.4498,-2.2964,0.8117,0.0001,False,-34.2,1.03,-1.0627,-68.3,-72.9,81.0
BTCUSD,30m,mean_reversion,Scale_Out_2R,695,0.3525,0.9693,-0.2054,-0.000241,-0.248999,-124.5,-0.4223,-1.2554,0.7207,0.0003,False,-24.9,1.24,-0.9696,-65.9,-72.4,72.0
BTCUSD,30m,bb_rsi_reversion,Scalping,845,0.3101,0.6675,-2.727,-0.001465,-0.719024,-359.51,-0.7439,-16.4583,1.0,0.0,False,-71.9,1.02,-1.4396,-81.0,-81.6,100.0
BTCUSD,30m,bb_rsi_reversion,Intraday,649,0.3636,0.9113,-0.6233,-0.000668,-0.409347,-204.67,-0.5986,-3.7285,0.8967,0.0,False,-40.9,0.97,-1.1299,-70.8,-74.7,90.0
BTCUSD,30m,bb_rsi_reversion,Aggressive,701,0.2553,0.9093,-0.5726,-0.000621,-0.415596,-207.8,-0.5767,-3.7369,0.8773,0.0,False,-41.6,1.06,-1.1361,-72.2,-75.6,88.0
BTCUSD,30m,bb_rsi_reversion,Intraday_Trailing,649,0.3636,0.9113,-0.6233,-0.000668,-0.409347,-204.67,-0.5986,-3.7285,0.8967,0.0,False,-40.9,0.97,-1.1299,-70.8,-74.7,90.0
BTCUSD,30m,bb_rsi_reversion,Scale_Out_2R,639,0.3365,0.926,-0.5052,-0.000583,-0.380067,-190.03,-0.6039,-3.1346,0.8377,0.0001,False,-38.0,1.08,-1.1006,-70.3,-74.5,84.0
BTCUSD,30m,vwap_cross,Scalping,1107,0.3613,0.8697,-0.9561,-0.000477,-0.430411,-215.21,-0.4875,-5.6884,0.9843,0.0,False,-43.0,1.01,-1.151,-63.2,-65.5,98.0
BTCUSD,30m,vwap_cross,Intraday,679,0.3918,0.9609,-0.2729,-0.000267,-0.231216,-115.61,-0.3891,-1.4212,0.7497,0.0002,False,-23.1,0.96,-0.9518,-59.3,-65.2,75.0
BTCUSD,30m,vwap_cross,Aggressive,722,0.2756,0.9531,-0.2999,-0.000293,-0.256719,-128.36,-0.456,-1.8839,0.7593,0.0002,False,-25.7,1.19,-0.9773,-62.2,-67.5,76.0
BTCUSD,30m,vwap_cross,Intraday_Trailing,679,0.3918,0.9609,-0.2729,-0.000267,-0.231216,-115.61,-0.3891,-1.4212,0.7497,0.0002,False,-23.1,0.96,-0.9518,-59.3,-65.2,75.0
BTCUSD,30m,vwap_cross,Scale_Out_2R,645,0.3597,0.9512,-0.3363,-0.000354,-0.271598,-135.8,-0.3845,-1.7884,0.7713,0.0002,False,-27.2,0.9,-0.9922,-62.2,-68.3,77.0
BTCUSD,30m,breakout,Scalping,1127,0.3194,0.6988,-2.5068,-0.001147,-0.733589,-366.79,-0.7408,-14.9289,1.0,0.0,False,-73.4,1.01,-1.4541,-82.2,-82.7,100.0
BTCUSD,30m,breakout,Intraday,760,0.3605,0.8083,-1.4639,-0.001306,-0.656547,-328.27,-0.6981,-8.6844,0.9963,0.0,False,-65.7,1.0,-1.3771,-81.7,-83.1,100.0
BTCUSD,30m,breakout,Aggressive,771,0.2633,0.8453,-1.0879,-0.00093,-0.545177,-272.59,-0.6119,-6.691,0.9797,0.0,False,-54.5,1.02,-1.2657,-75.4,-77.7,98.0
BTCUSD,30m,breakout,Intraday_Trailing,760,0.3605,0.8083,-1.4639,-0.001306,-0.656547,-328.27,-0.6981,-8.6844,0.9963,0.0,False,-65.7,1.0,-1.3771,-81.7,-83.1,100.0
BTCUSD,30m,breakout,Scale_Out_2R,722,0.331,0.8207,-1.3305,-0.001283,-0.635943,-317.97,-0.6787,-7.9072,0.9937,0.0,False,-63.6,1.01,-1.3565,-81.5,-82.9,99.0
BTCUSD,30m,price_action,Scalping,1408,0.3267,0.7533,-1.9307,-0.001018,-0.77319,-386.6,-0.7877,-11.9473,1.0,0.0,False,-77.3,1.04,-1.4937,-86.5,-87.0,100.0
BTCUSD,30m,price_action,Intraday,866,0.3695,0.8937,-0.7687,-0.000817,-0.563749,-281.87,-0.6681,-4.8955,0.9457,0.0,False,-56.4,1.09,-1.2843,-80.4,-83.2,95.0
BTCUSD,30m,price_action,Aggressive,893,0.2587,0.9138,-0.5581,-0.000596,-0.482296,-241.15,-0.6051,-3.5175,0.8967,0.0,False,-48.2,1.07,-1.2028,-76.6,-80.1,90.0
BTCUSD,30m,price_action,Intraday_Trailing,866,0.3695,0.8937,-0.7687,-0.000817,-0.563749,-281.87,-0.6681,-4.8955,0.9457,0.0,False,-56.4,1.09,-1.2843,-80.4,-83.2,95.0
BTCUSD,30m,price_action,Scale_Out_2R,799,0.3429,0.9104,-0.6289,-0.000728,-0.510884,-255.44,-0.6496,-4.0102,0.9183,0.0,False,-51.1,1.06,-1.2314,-78.4,-81.5,92.0
BTCUSD,30m,smc,Scalping,1724,0.3341,0.7973,-1.5289,-0.000793,-0.759678,-379.84,-0.7971,-9.3462,1.0,0.0,False,-76.0,1.01,-1.4802,-86.1,-86.7,100.0
BTCUSD,30m,smc,Intraday,990,0.3788,0.9324,-0.4781,-0.000499,-0.466872,-233.44,-0.6212,-2.9555,0.887,0.0,False,-46.7,1.04,-1.1874,-76.9,-80.7,89.0
BTCUSD,30m,smc,Aggressive,1018,0.2701,0.9621,-0.237,-0.000246,-0.319584,-159.79,-0.5152,-1.5745,0.757,0.0002,False,-32.0,1.04,-1.0401,-71.1,-76.0,76.0
BTCUSD,30m,smc,Intraday_Trailing,990,0.3788,0.9324,-0.4781,-0.000499,-0.466872,-233.44,-0.6212,-2.9555,0.887,0.0,False,-46.7,1.04,-1.1874,-76.9,-80.7,89.0
BTCUSD,30m,smc,Scale_Out_2R,905,0.3514,0.9539,-0.3165,-0.000356,-0.371412,-185.71,-0.5901,-1.9201,0.8017,0.0001,False,-37.1,1.08,-1.092,-73.1,-78.1,80.0
BTCUSD,1h,ma_crossover,Scalping,1539,0.3392,0.8217,-1.3878,-0.000925,-0.779057,-389.53,-0.8165,-8.5072,1.0,0.0,False,-77.9,1.03,-1.4996,-89.0,-89.9,100.0
BTCUSD,1h,ma_crossover,Intraday,547,0.3949,1.0119,0.0824,0.000113,-0.064267,-32.13,-0.4771,0.1014,0.5547,0.0016,False,-6.4,-3.57,-0.7848,-58.5,-67.7,55.0
BTCUSD,1h,ma_crossover,Aggressive,590,0.2814,1.0056,0.0358,4.7e-05,-0.093595,-46.8,-0.4724,-0.2677,0.5887,0.0013,False,-9.4,3.6,-0.8141,-60.7,-67.9,59.0
BTCUSD,1h,ma_crossover,Intraday_Trailing,547,0.3949,1.0119,0.0824,0.000113,-0.064267,-32.13,-0.4771,0.1014,0.5547,0.0016,False,-6.4,-3.57,-0.7848,-58.5,-67.7,55.0
BTCUSD,1h,ma_crossover,Scale_Out_2R,486,0.3601,1.0158,0.1067,0.000161,-0.056531,-28.27,-0.4769,0.4173,0.547,0.0018,False,-5.7,1.68,-0.7771,-60.5,-68.9,55.0
BTCUSD,1h,mean_reversion,Scalping,525,0.3124,0.8082,-1.4046,-0.001119,-0.467071,-233.54,-0.5096,-8.8143,0.9813,0.0,False,-46.7,1.06,-1.1876,-66.5,-68.6,98.0
BTCUSD,1h,mean_reversion,Intraday,392,0.3418,0.8973,-0.7279,-0.001097,-0.417603,-208.8,-0.5282,-4.488,0.8777,0.0,False,-41.8,1.01,-1.1382,-72.7,-76.7,88.0
BTCUSD,1h,mean_reversion,Aggressive,398,0.2337,0.8822,-0.7633,-0.001139,-0.429832,-214.92,-0.5403,-4.8613,0.8833,0.0,False,-43.0,1.17,-1.1504,-73.6,-77.1,88.0
BTCUSD,1h,mean_reversion,Intraday_Trailing,392,0.3418,0.8973,-0.7279,-0.001097,-0.417603,-208.8,-0.5282,-4.488,0.8777,0.0,False,-41.8,1.01,-1.1382,-72.7,-76.7,88.0
BTCUSD,1h,mean_reversion,Scale_Out_2R,377,0.313,0.9202,-0.5437,-0.000892,-0.369666,-184.83,-0.5078,-3.472,0.8253,0.0001,False,-37.0,1.19,-1.0902,-71.6,-75.9,83.0
BTCUSD,1h,bb_rsi_reversion,Scalping,425,0.2847,0.6226,-3.2991,-0.00239,-0.648226,-324.11,-0.6707,-20.686,1.0,0.0,False,-64.8,1.04,-1.3688,-76.0,-76.6,100.0
BTCUSD,1h,bb_rsi_reversion,Intraday,330,0.3333,0.8208,-1.3613,-0.002021,-0.531364,-265.68,-0.6231,-8.2908,0.9657,0.0,False,-53.1,0.98,-1.2519,-77.0,-79.2,97.0
BTCUSD,1h,bb_rsi_reversion,Aggressive,355,0.2366,0.797,-1.4338,-0.002043,-0.557183,-278.59,-0.659,-8.7022,0.9713,0.0,False,-55.7,1.03,-1.2777,-77.7,-79.6,97.0
BTCUSD,1h,bb_rsi_reversion,Intraday_Trailing,330,0.3333,0.8208,-1.3613,-0.002021,-0.531364,-265.68,-0.6231,-8.2908,0.9657,0.0,False,-53.1,0.98,-1.2519,-77.0,-79.2,97.0
BTCUSD,1h,bb_rsi_reversion,Scale_Out_2R,324,0.3117,0.8571,-1.0382,-0.001665,-0.474267,-237.13,-0.5989,-6.3979,0.9203,0.0,False,-47.4,1.0,-1.1948,-74.9,-78.0,92.0
BTCUSD,1h,vwap_cross,Scalping,567,0.358,0.8923,-0.7833,-0.000526,-0.281512,-140.76,-0.3922,-4.6766,0.9103,0.0,False,-28.2,1.01,-1.0021,-54.1,-56.9,91.0
BTCUSD,1h,vwap_cross,Intraday,348,0.3793,0.9768,-0.1595,-0.000207,-0.135069,-67.53,-0.3344,-1.0272,0.651,0.0006,False,-13.5,0.98,-0.8556,-52.5,-59.9,65.0
BTCUSD,1h,vwap_cross,Aggressive,384,0.2786,1.0395,0.2402,0.000314,0.040645,20.32,-0.351,1.3151,0.473,0.0028,False,4.1,0.84,-0.6799,-46.8,-56.5,47.0
BTCUSD,1h,vwap_cross,Intraday_Trailing,348,0.3793,0.9768,-0.1595,-0.000207,-0.135069,-67.53,-0.3344,-1.0272,0.651,0.0006,False,-13.5,0.98,-0.8556,-52.5,-59.9,65.0
BTCUSD,1h,vwap_cross,Scale_Out_2R,334,0.3533,1.0055,0.0362,5.1e-05,-0.063005,-31.5,-0.3775,0.0177,0.5707,0.0012,False,-6.3,0.11,-0.7836,-50.2,-59.4,57.0
BTCUSD,1h,breakout,Scalping,569,0.3199,0.7232,-2.2978,-0.001418,-0.565877,-282.94,-0.6054,-13.9506,1.0,0.0,False,-56.6,1.02,-1.2864,-70.4,-71.4,100.0
BTCUSD,1h,breakout,Intraday,402,0.3333,0.7476,-2.0573,-0.002414,-0.64678,-323.39,-0.6842,-12.3513,0.9977,0.0,False,-64.7,1.02,-1.3673,-80.7,-81.8,100.0
BTCUSD,1h,breakout,Aggressive,412,0.233,0.7636,-1.7609,-0.001953,-0.580364,-290.18,-0.6352,-11.1536,0.987,0.0,False,-58.0,1.0,-1.3009,-76.4,-78.1,99.0
BTCUSD,1h,breakout,Intraday_Trailing,402,0.3333,0.7476,-2.0573,-0.002414,-0.64678,-323.39,-0.6842,-12.3513,0.9977,0.0,False,-64.7,1.02,-1.3673,-80.7,-81.8,100.0
BTCUSD,1h,breakout,Scale_Out_2R,382,0.3089,0.7781,-1.736,-0.002193,-0.599206,-299.6,-0.6486,-10.4951,0.99,0.0,False,-59.9,0.99,-1.3198,-78.6,-80.1,99.0
BTCUSD,1h,price_action,Scalping,683,0.3485,0.8851,-0.8391,-0.000639,-0.385041,-192.52,-0.4712,-5.3965,0.932,0.0,False,-38.5,1.1,-1.1056,-63.1,-66.4,93.0
BTCUSD,1h,price_action,Intraday,434,0.4171,1.1051,0.6921,0.001047,0.392448,196.22,-0.3845,3.9662,0.244,0.016,False,39.2,0.94,-0.3281,-36.9,-56.5,24.0
BTCUSD,1h,price_action,Aggressive,431,0.29,1.0644,0.3907,0.000598,0.14365,71.82,-0.3991,1.9523,0.393,0.0055,False,14.4,0.82,-0.5769,-47.6,-60.9,39.0
BTCUSD,1h,price_action,Intraday_Trailing,434,0.4171,1.1051,0.6921,0.001047,0.392448,196.22,-0.3845,3.9662,0.244,0.016,False,39.2,0.94,-0.3281,-36.9,-56.5,24.0
BTCUSD,1h,price_action,Scale_Out_2R,407,0.3808,1.1217,0.7734,0.001284,0.468188,234.09,-0.3884,4.2832,0.2343,0.0197,False,46.8,0.87,-0.2524,-37.7,-58.0,23.0
BTCUSD,1h,smc,Scalping,869,0.3291,0.807,-1.4519,-0.001037,-0.615966,-307.98,-0.625,-9.047,0.9967,0.0,False,-61.6,1.04,-1.3365,-78.0,-79.2,100.0
BTCUSD,1h,smc,Intraday,507,0.3826,0.9637,-0.2525,-0.000368,-0.274296,-137.15,-0.5012,-1.6157,0.7377,0.0003,False,-27.4,0.97,-0.9948,-67.9,-74.6,74.0
BTCUSD,1h,smc,Aggressive,506,0.2648,0.9748,-0.159,-0.000223,-0.209735,-104.87,-0.5433,-1.8809,0.6993,0.0005,False,-21.0,1.68,-0.9303,-65.1,-71.3,70.0
BTCUSD,1h,smc,Intraday_Trailing,507,0.3826,0.9637,-0.2525,-0.000368,-0.274296,-137.15,-0.5012,-1.6157,0.7377,0.0003,False,-27.4,0.97,-0.9948,-67.9,-74.6,74.0
BTCUSD,1h,smc,Scale_Out_2R,459,0.3638,1.0062,0.0412,6.4e-05,-0.101071,-50.54,-0.4894,-0.2556,0.5847,0.0013,False,-10.1,-0.37,-0.8216,-61.9,-70.4,58.0
BTCUSD,2h,ma_crossover,Scalping,760,0.3487,0.9011,-0.7349,-0.000709,-0.465872,-232.94,-0.5876,-4.5201,0.936,0.0,False,-46.6,0.98,-1.1864,-72.6,-75.9,94.0
BTCUSD,2h,ma_crossover,Intraday,302,0.3874,0.9973,-0.0194,-3.8e-05,-0.141611,-70.81,-0.5059,-0.2517,0.6257,0.001,False,-14.2,0.49,-0.8622,-64.2,-72.4,63.0
BTCUSD,2h,ma_crossover,Aggressive,322,0.2919,1.1007,0.6244,0.001245,0.276457,138.23,-0.3902,3.5523,0.3427,0.0095,False,27.6,0.98,-0.4441,-48.9,-63.6,34.0
BTCUSD,2h,ma_crossover,Intraday_Trailing,302,0.3874,0.9973,-0.0194,-3.8e-05,-0.141611,-70.81,-0.5059,-0.2517,0.6257,0.001,False,-14.2,0.49,-0.8622,-64.2,-72.4,63.0
BTCUSD,2h,ma_crossover,Scale_Out_2R,291,0.3608,1.0412,0.2802,0.000582,0.014473,7.24,-0.5008,1.4856,0.502,0.0029,False,1.4,0.96,-0.7061,-58.5,-69.4,50.0
BTCUSD,2h,mean_reversion,Scalping,281,0.2989,0.7822,-1.627,-0.001833,-0.42863,-214.31,-0.5008,-9.6812,0.9727,0.0,False,-42.9,1.01,-1.1492,-63.9,-66.2,97.0
BTCUSD,2h,mean_reversion,Intraday,197,0.3401,0.8973,-0.7326,-0.001533,-0.335113,-167.56,-0.4466,-4.5832,0.813,0.0001,False,-33.5,1.09,-1.0557,-68.4,-73.0,81.0
BTCUSD,2h,mean_reversion,Aggressive,208,0.2452,0.8913,-0.7053,-0.001474,-0.340765,-170.38,-0.4903,-4.181,0.8233,0.0001,False,-34.1,1.07,-1.0613,-69.4,-73.2,82.0
BTCUSD,2h,mean_reversion,Intraday_Trailing,197,0.3401,0.8973,-0.7326,-0.001533,-0.335113,-167.56,-0.4466,-4.5832,0.813,0.0001,False,-33.5,1.09,-1.0557,-68.4,-73.0,81.0
BTCUSD,2h,mean_reversion,Scale_Out_2R,183,0.3279,0.9345,-0.4478,-0.00101,-0.258127,-129.06,-0.4344,-3.0205,0.7353,0.0003,False,-25.8,1.36,-0.9787,-65.0,-70.6,74.0
BTCUSD,2h,bb_rsi_reversion,Scalping,220,0.3,0.8105,-1.4299,-0.001552,-0.311961,-155.98,-0.3621,-8.6669,0.934,0.0,False,-31.2,1.03,-1.0325,-55.5,-57.8,93.0
BTCUSD,2h,bb_rsi_reversion,Intraday,176,0.3409,0.9455,-0.3821,-0.000798,-0.209352,-104.68,-0.4072,-2.5944,0.72,0.0004,False,-20.9,0.99,-0.9299,-60.1,-66.0,72.0
BTCUSD,2h,bb_rsi_reversion,Aggressive,187,0.2406,0.9269,-0.468,-0.000963,-0.241219,-120.61,-0.3746,-3.087,0.7493,0.0003,False,-24.1,1.09,-0.9618,-62.2,-67.3,75.0
BTCUSD,2h,bb_rsi_reversion,Intraday_Trailing,176,0.3409,0.9455,-0.3821,-0.000798,-0.209352,-104.68,-0.4072,-2.5944,0.72,0.0004,False,-20.9,0.99,-0.9299,-60.1,-66.0,72.0
BTCUSD,2h,bb_rsi_reversion,Scale_Out_2R,173,0.3179,1.0035,0.0229,5.2e-05,-0.096075,-48.04,-0.3799,-0.4689,0.5877,0.0012,False,-9.6,-7.57,-0.8166,-57.1,-65.4,59.0
BTCUSD,2h,vwap_cross,Scalping,293,0.3311,0.8157,-1.4116,-0.00137,-0.353368,-176.68,-0.3554,-8.189,0.9547,0.0,False,-35.3,1.0,-1.0739,-57.7,-60.5,95.0
BTCUSD,2h,vwap_cross,Intraday,174,0.3736,0.9859,-0.0977,-0.000194,-0.111631,-55.82,-0.3451,-0.7371,0.6127,0.0008,False,-11.2,0.81,-0.8322,-53.5,-61.3,61.0
BTCUSD,2h,vwap_cross,Aggressive,204,0.2794,1.0378,0.239,0.000459,0.001477,0.74,-0.3344,1.0951,0.4923,0.0022,False,0.1,0.71,-0.7191,-49.0,-58.6,49.0
BTCUSD,2h,vwap_cross,Intraday_Trailing,174,0.3736,0.9859,-0.0977,-0.000194,-0.111631,-55.82,-0.3451,-0.7371,0.6127,0.0008,False,-11.2,0.81,-0.8322,-53.5,-61.3,61.0
BTCUSD,2h,vwap_cross,Scale_Out_2R,169,0.3491,0.9799,-0.1391,-0.000287,-0.12859,-64.29,-0.3822,-1.148,0.631,0.0007,False,-12.9,0.98,-0.8491,-56.6,-63.9,63.0
BTCUSD,2h,breakout,Scalping,295,0.3458,0.8557,-1.1127,-0.000959,-0.2669,-133.45,-0.3576,-6.9154,0.908,0.0,False,-26.7,1.01,-0.9875,-50.9,-53.9,91.0
BTCUSD,2h,breakout,Intraday,196,0.3878,0.9558,-0.3264,-0.000557,-0.16485,-82.43,-0.3941,-2.4656,0.7,0.0004,False,-16.5,1.2,-0.8854,-55.5,-61.3,70.0
BTCUSD,2h,breakout,Aggressive,202,0.2822,1.018,0.1174,0.000196,-0.028993,-14.5,-0.4264,-0.4053,0.5277,0.0015,False,-2.9,-15.88,-0.7495,-47.0,-55.6,53.0
BTCUSD,2h,breakout,Intraday_Trailing,196,0.3878,0.9558,-0.3264,-0.000557,-0.16485,-82.43,-0.3941,-2.4656,0.7,0.0004,False,-16.5,1.2,-0.8854,-55.5,-61.3,70.0
BTCUSD,2h,breakout,Scale_Out_2R,185,0.3676,1.0167,0.1169,0.000216,-0.037624,-18.81,-0.3085,0.392,0.5463,0.0015,False,-3.8,0.63,-0.7582,-49.5,-57.8,55.0
BTCUSD,2h,price_action,Scalping,351,0.3105,0.7434,-2.0666,-0.002067,-0.537032,-268.52,-0.5805,-12.3348,0.9963,0.0,False,-53.7,1.04,-1.2576,-71.1,-72.7,100.0
BTCUSD,2h,price_action,Intraday,223,0.3722,0.9537,-0.3373,-0.000654,-0.221027,-110.51,-0.4331,-1.7072,0.71,0.0004,False,-22.1,0.79,-0.9416,-63.0,-69.3,71.0
BTCUSD,2h,price_action,Aggressive,227,0.2599,0.9154,-0.5801,-0.001083,-0.290219,-145.11,-0.4662,-4.2532,0.7843,0.0002,False,-29.0,1.08,-1.0108,-64.2,-69.6,78.0
BTCUSD,2h,price_action,Intraday_Trailing,223,0.3722,0.9537,-0.3373,-0.000654,-0.221027,-110.51,-0.4331,-1.7072,0.71,0.0004,False,-22.1,0.79,-0.9416,-63.0,-69.3,71.0
BTCUSD,2h,price_action,Scale_Out_2R,205,0.3415,0.9946,-0.0378,-8e-05,-0.120722,-60.36,-0.3439,-0.2244,0.62,0.001,False,-12.1,3.79,-0.8413,-59.4,-67.0,62.0
BTCUSD,2h,smc,Scalping,431,0.348,0.872,-0.9375,-0.000954,-0.37308,-186.54,-0.5652,-6.5997,0.9247,0.0,False,-37.3,1.17,-1.0936,-63.3,-67.2,92.0
BTCUSD,2h,smc,Intraday,258,0.3837,0.9819,-0.1267,-0.000252,-0.174466,-87.23,-0.5528,-2.2913,0.6537,0.0007,False,-17.4,2.8,-0.895,-63.8,-70.3,65.0
BTCUSD,2h,smc,Aggressive,269,0.2639,0.9652,-0.2247,-0.000436,-0.21415,-107.08,-0.4913,-2.8539,0.676,0.0005,False,-21.4,1.48,-0.9347,-64.7,-70.8,68.0
BTCUSD,2h,smc,Intraday_Trailing,258,0.3837,0.9819,-0.1267,-0.000252,-0.174466,-87.23,-0.5528,-2.2913,0.6537,0.0007,False,-17.4,2.8,-0.895,-63.8,-70.3,65.0
BTCUSD,2h,smc,Scale_Out_2R,246,0.3455,0.9628,-0.2585,-0.000545,-0.235783,-117.89,-0.5586,-2.9323,0.6967,0.0004,False,-23.6,2.12,-0.9563,-66.9,-72.9,70.0
BTCUSD,4h,ma_crossover,Scalping,393,0.3588,0.9527,-0.3458,-0.000459,-0.234179,-117.09,-0.4781,-1.967,0.753,0.0002,False,-23.4,0.75,-0.9547,-62.0,-67.8,75.0
BTCUSD,4h,ma_crossover,Intraday,166,0.4337,1.2925,1.834,0.004929,0.952746,476.37,-0.272,10.5179,0.1093,0.062,True,95.3,0.91,0.2322,-20.1,-52.9,11.0
BTCUSD,4h,ma_crossover,Aggressive,156,0.2821,1.1358,0.8266,0.002337,0.23857,119.29,-0.435,4.1631,0.3517,0.0083,False,23.9,0.95,-0.482,-47.6,-61.6,35.0
BTCUSD,4h,ma_crossover,Intraday_Trailing,166,0.4337,1.2925,1.834,0.004929,0.952746,476.37,-0.272,10.5179,0.1093,0.062,True,95.3,0.91,0.2322,-20.1,-52.9,11.0
BTCUSD,4h,ma_crossover,Scale_Out_2R,143,0.3986,1.3028,1.8438,0.005438,0.866996,433.5,-0.3088,10.3971,0.1173,0.0521,True,86.7,0.95,0.1464,-21.0,-54.1,12.0
BTCUSD,4h,mean_reversion,Scalping,136,0.3235,0.8313,-1.2672,-0.001957,-0.263952,-131.98,-0.3915,-7.7042,0.8477,0.0,False,-26.4,1.05,-0.9845,-52.9,-56.5,85.0
BTCUSD,4h,mean_reversion,Intraday,104,0.3846,1.0384,0.2573,0.000792,-0.036856,-18.43,-0.412,0.7487,0.5287,0.0019,False,-3.7,0.4,-0.7574,-56.6,-64.5,53.0
BTCUSD,4h,mean_reversion,Aggressive,102,0.2647,0.8573,-1.0114,-0.00269,-0.303853,-151.93,-0.5222,-8.0909,0.8043,0.0001,False,-30.4,1.45,-1.0244,-64.9,-68.5,80.0
BTCUSD,4h,mean_reversion,Intraday_Trailing,104,0.3846,1.0384,0.2573,0.000792,-0.036856,-18.43,-0.412,0.7487,0.5287,0.0019,False,-3.7,0.4,-0.7574,-56.6,-64.5,53.0
BTCUSD,4h,mean_reversion,Scale_Out_2R,90,0.3333,0.8264,-1.3231,-0.00399,-0.368746,-184.37,-0.5401,-9.4737,0.8423,0.0001,False,-36.9,1.43,-1.0893,-68.9,-71.8,84.0
BTCUSD,4h,bb_rsi_reversion,Scalping,115,0.3565,1.1156,0.7429,0.001243,0.108955,54.48,-0.1598,4.4593,0.3647,0.0053,False,10.9,0.94,-0.6116,-29.4,-39.9,36.0
BTCUSD,4h,bb_rsi_reversion,Intraday,93,0.4409,1.3984,2.3022,0.007352,0.76294,381.47,-0.2368,14.0307,0.116,0.0546,True,76.3,1.13,0.0424,-19.8,-46.9,12.0
BTCUSD,4h,bb_rsi_reversion,Aggressive,92,0.3261,1.5346,2.6197,0.008888,0.993022,496.51,-0.1881,15.5507,0.077,0.0959,True,99.3,1.05,0.2725,-10.7,-43.6,8.0
BTCUSD,4h,bb_rsi_reversion,Intraday_Trailing,93,0.4409,1.3984,2.3022,0.007352,0.76294,381.47,-0.2368,14.0307,0.116,0.0546,True,76.3,1.13,0.0424,-19.8,-46.9,12.0
BTCUSD,4h,bb_rsi_reversion,Scale_Out_2R,86,0.3721,1.1828,1.1305,0.00385,0.234791,117.4,-0.2781,6.853,0.337,0.0086,False,23.5,1.2,-0.4858,-44.7,-57.1,34.0
BTCUSD,4h,vwap_cross,Scalping,143,0.3846,1.0638,0.4378,0.000615,0.054398,27.2,-0.164,2.9231,0.4187,0.0031,False,5.4,1.21,-0.6662,-32.8,-41.7,42.0
BTCUSD,4h,vwap_cross,Intraday,94,0.4255,1.2974,1.8246,0.005117,0.476415,238.21,-0.245,10.241,0.178,0.0272,False,47.6,0.81,-0.2441,-27.4,-46.7,18.0
BTCUSD,4h,vwap_cross,Aggressive,99,0.2626,1.0021,0.0134,3.7e-05,-0.0824,-41.2,-0.3013,-0.6889,0.5957,0.0011,False,-8.2,1.79,-0.803,-54.6,-60.7,60.0
BTCUSD,4h,vwap_cross,Intraday_Trailing,94,0.4255,1.2974,1.8246,0.005117,0.476415,238.21,-0.245,10.241,0.178,0.0272,False,47.6,0.81,-0.2441,-27.4,-46.7,18.0
BTCUSD,4h,vwap_cross,Scale_Out_2R,91,0.3626,1.1118,0.7294,0.002191,0.104665,52.33,-0.2904,3.4644,0.4207,0.0044,False,10.5,0.98,-0.6159,-47.5,-57.6,42.0
BTCUSD,4h,breakout,Scalping,148,0.3649,0.9487,-0.3809,-0.000471,-0.093263,-46.63,-0.2874,-3.4442,0.6743,0.0004,False,-9.3,0.87,-0.8138,-38.3,-43.7,67.0
BTCUSD,4h,breakout,Intraday,100,0.42,1.1974,1.3068,0.003174,0.27699,138.49,-0.2809,7.1531,0.275,0.0129,False,27.7,0.86,-0.4436,-33.3,-47.9,28.0
BTCUSD,4h,breakout,Aggressive,107,0.2336,0.8346,-1.196,-0.002725,-0.302009,-151.0,-0.5025,-10.5439,0.8433,0.0001,False,-30.2,1.35,-1.0226,-60.9,-64.8,84.0
BTCUSD,4h,breakout,Intraday_Trailing,100,0.42,1.1974,1.3068,0.003174,0.27699,138.49,-0.2809,7.1531,0.275,0.0129,False,27.7,0.86,-0.4436,-33.3,-47.9,28.0
BTCUSD,4h,breakout,Scale_Out_2R,92,0.3696,1.1718,1.113,0.002964,0.21269,106.34,-0.3184,5.6812,0.3153,0.0087,False,21.3,0.8,-0.5079,-35.9,-49.8,32.0
BTCUSD,4h,price_action,Scalping,187,0.3369,0.9013,-0.7262,-0.001043,-0.215664,-107.83,-0.3664,-4.6378,0.7823,0.0001,False,-21.6,1.1,-0.9362,-53.7,-57.9,78.0
BTCUSD,4h,price_action,Intraday,121,0.3884,1.0302,0.2127,0.000615,-0.048479,-24.24,-0.3143,0.9525,0.5367,0.0018,False,-4.8,1.3,-0.769,-58.7,-66.7,54.0
BTCUSD,4h,price_action,Aggressive,124,0.2258,0.8033,-1.4049,-0.003726,-0.433217,-216.61,-0.5511,-10.354,0.8987,0.0,False,-43.3,1.08,-1.1538,-72.4,-75.5,90.0
BTCUSD,4h,price_action,Intraday_Trailing,121,0.3884,1.0302,0.2127,0.000615,-0.048479,-24.24,-0.3143,0.9525,0.5367,0.0018,False,-4.8,1.3,-0.769,-58.7,-66.7,54.0
BTCUSD,4h,price_action,Scale_Out_2R,113,0.3363,0.9637,-0.2571,-0.000794,-0.198268,-99.13,-0.4601,-2.4435,0.6733,0.0006,False,-19.8,1.37,-0.9188,-65.9,-71.8,67.0
BTCUSD,4h,smc,Scalping,221,0.3846,1.0002,0.0016,2e-06,-0.054913,-27.46,-0.2865,-0.168,0.5837,0.0011,False,-5.5,1.96,-0.7755,-45.8,-53.9,58.0
BTCUSD,4h,smc,Intraday,149,0.4094,1.1368,0.8992,0.002569,0.262624,131.31,-0.4443,4.7792,0.3373,0.009,False,26.3,0.88,-0.4579,-48.3,-62.9,34.0
BTCUSD,4h,smc,Aggressive,135,0.3037,1.0742,0.4793,0.001284,0.056984,28.49,-0.3982,2.064,0.4617,0.0034,False,5.7,0.93,-0.6636,-51.5,-61.4,46.0
BTCUSD,4h,smc,Intraday_Trailing,149,0.4094,1.1368,0.8992,0.002569,0.262624,131.31,-0.4443,4.7792,0.3373,0.009,False,26.3,0.88,-0.4579,-48.3,-62.9,34.0
BTCUSD,4h,smc,Scale_Out_2R,132,0.3561,0.9863,-0.0978,-0.000286,-0.162243,-81.12,-0.5349,-0.6575,0.6387,0.0009,False,-16.2,0.18,-0.8828,-64.2,-71.4,64.0
ETHUSD,15m,ma_crossover,Scalping,6019,0.3363,0.7574,-1.9281,-0.000894,-0.996095,-498.05,-0.9962,-11.5677,1.0,0.0,False,-99.6,1.01,-0.8591,-99.8,-99.9,100.0
ETHUSD,15m,ma_crossover,Intraday,2227,0.3722,0.9011,-0.7209,-0.00068,-0.828487,-414.24,-0.8419,-4.4634,0.993,0.0,False,-82.8,1.03,-0.6914,-94.6,-95.4,99.0
ETHUSD,15m,ma_crossover,Aggressive,2330,0.2631,0.8948,-0.7104,-0.00065,-0.827684,-413.84,-0.8558,-4.4624,0.9923,0.0,False,-82.8,1.06,-0.6906,-94.6,-95.4,99.0
ETHUSD,15m,ma_crossover,Intraday_Trailing,2227,0.3722,0.9011,-0.7209,-0.00068,-0.828487,-414.24,-0.8419,-4.4634,0.993,0.0,False,-82.8,1.03,-0.6914,-94.6,-95.4,99.0
ETHUSD,15m,ma_crossover,Scale_Out_2R,2021,0.3483,0.9303,-0.4913,-0.000498,-0.718127,-359.06,-0.7473,-3.1281,0.96,0.0,False,-71.8,1.07,-0.5811,-91.2,-92.8,96.0
ETHUSD,15m,mean_reversion,Scalping,1933,0.328,0.7276,-2.129,-0.001149,-0.899015,-449.51,-0.9096,-12.601,1.0,0.0,False,-89.9,1.01,-0.762,-94.5,-94.7,100.0
ETHUSD,15m,mean_reversion,Intraday,1435,0.3645,0.8727,-0.9039,-0.000961,-0.794355,-397.18,-0.8369,-5.3767,0.9943,0.0,False,-79.4,1.0,-0.6573,-92.8,-93.7,99.0
ETHUSD,15m,mean_reversion,Aggressive,1514,0.2563,0.8705,-0.842,-0.000884,-0.786819,-393.41,-0.829,-5.207,0.9923,0.0,False,-78.7,1.03,-0.6498,-92.3,-93.3,99.0
ETHUSD,15m,mean_reversion,Intraday_Trailing,1435,0.3645,0.8727,-0.9039,-0.000961,-0.794355,-397.18,-0.8369,-5.3767,0.9943,0.0,False,-79.4,1.0,-0.6573,-92.8,-93.7,99.0
ETHUSD,15m,mean_reversion,Scale_Out_2R,1385,0.3408,0.895,-0.723,-0.000828,-0.746527,-373.26,-0.7951,-4.2949,0.9777,0.0,False,-74.7,1.01,-0.6095,-91.6,-93.0,98.0
ETHUSD,15m,bb_rsi_reversion,Scalping,1691,0.3341,0.7516,-1.912,-0.001055,-0.842777,-421.39,-0.8499,-11.5311,1.0,0.0,False,-84.3,1.02,-0.7057,-91.1,-91.5,100.0
ETHUSD,15m,bb_rsi_reversion,Intraday,1340,0.3575,0.8758,-0.8788,-0.000946,-0.767886,-383.94,-0.7987,-5.3089,0.9883,0.0,False,-76.8,1.02,-0.6308,-91.4,-92.6,99.0
ETHUSD,15m,bb_rsi_reversion,Aggressive,1393,0.2584,0.8639,-0.9228,-0.000943,-0.775554,-387.78,-0.7919,-5.4538,0.9933,0.0,False,-77.6,1.0,-0.6385,-91.7,-92.7,99.0
ETHUSD,15m,bb_rsi_reversion,Intraday_Trailing,1340,0.3575,0.8758,-0.8788,-0.000946,-0.767886,-383.94,-0.7987,-5.3089,0.9883,0.0,False,-76.8,1.02,-0.6308,-91.4,-92.6,99.0
ETHUSD,15m,bb_rsi_reversion,Scale_Out_2R,1289,0.3351,0.8962,-0.7292,-0.000824,-0.718336,-359.17,-0.7566,-4.3783,0.9757,0.0,False,-71.8,1.05,-0.5813,-90.3,-91.9,98.0
ETHUSD,15m,vwap_cross,Scalping,2435,0.352,0.7922,-1.6104,-0.000735,-0.843602,-421.8,-0.8524,-9.7739,1.0,0.0,False,-84.4,1.02,-0.7066,-91.3,-91.7,100.0
ETHUSD,15m,vwap_cross,Intraday,1434,0.3815,0.9435,-0.3991,-0.000364,-0.488493,-244.25,-0.5683,-2.5463,0.8997,0.0,False,-48.8,1.08,-0.3515,-79.5,-82.7,90.0
ETHUSD,15m,vwap_cross,Aggressive,1627,0.2618,0.8741,-0.8501,-0.000752,-0.748841,-374.42,-0.7707,-5.1342,0.9937,0.0,False,-74.9,1.01,-0.6118,-89.7,-91.1,99.0
ETHUSD,15m,vwap_cross,Intraday_Trailing,1434,0.3815,0.9435,-0.3991,-0.000364,-0.488493,-244.25,-0.5683,-2.5463,0.8997,0.0,False,-48.8,1.08,-0.3515,-79.5,-82.7,90.0
ETHUSD,15m,vwap_cross,Scale_Out_2R,1369,0.347,0.9335,-0.4631,-0.000452,-0.542546,-271.27,-0.6227,-2.8461,0.9177,0.0,False,-54.3,1.06,-0.4055,-82.6,-85.4,92.0
ETHUSD,15m,breakout,Scalping,2121,0.3215,0.6995,-2.4722,-0.001123,-0.912686,-456.34,-0.915,-14.7306,1.0,0.0,False,-91.3,1.01,-0.7756,-95.0,-95.0,100.0
ETHUSD,15m,breakout,Intraday,1451,0.3577,0.8592,-1.0363,-0.000908,-0.767069,-383.53,-0.7724,-6.3138,0.9963,0.0,False,-76.7,1.02,-0.63,-90.5,-91.5,100.0
ETHUSD,15m,breakout,Aggressive,1427,0.2628,0.8841,-0.7842,-0.000665,-0.659422,-329.71,-0.7054,-4.8156,0.982,0.0,False,-65.9,1.02,-0.5224,-85.2,-87.0,98.0
ETHUSD,15m,breakout,Intraday_Trailing,1451,0.3577,0.8592,-1.0363,-0.000908,-0.767069,-383.53,-0.7724,-6.3138,0.9963,0.0,False,-76.7,1.02,-0.63,-90.5,-91.5,100.0
ETHUSD,15m,breakout,Scale_Out_2R,1353,0.3378,0.8815,-0.8557,-0.00079,-0.702867,-351.43,-0.7331,-5.2371,0.9877,0.0,False,-70.3,1.01,-0.5658,-87.4,-89.1,99.0
ETHUSD,15m,price_action,Scalping,2831,0.3313,0.7487,-1.9401,-0.001015,-0.948877,-474.44,-0.954,-11.6594,1.0,0.0,False,-94.9,1.01,-0.8118,-97.5,-97.6,100.0
ETHUSD,15m,price_action,Intraday,1659,0.3683,0.8958,-0.7321,-0.000787,-0.786696,-393.35,-0.8382,-4.4218,0.989,0.0,False,-78.7,1.01,-0.6497,-93.4,-94.5,99.0
ETHUSD,15m,price_action,Aggressive,1767,0.2552,0.8614,-0.9305,-0.000945,-0.849797,-424.9,-0.8882,-5.6021,0.9963,0.0,False,-85.0,1.03,-0.7128,-94.9,-95.5,100.0
ETHUSD,15m,price_action,Intraday_Trailing,1659,0.3683,0.8958,-0.7321,-0.000787,-0.786696,-393.35,-0.8382,-4.4218,0.989,0.0,False,-78.7,1.01,-0.6497,-93.4,-94.5,99.0
ETHUSD,15m,price_action,Scale_Out_2R,1555,0.3421,0.9044,-0.6675,-0.000758,-0.760661,-380.33,-0.8217,-3.9533,0.979,0.0,False,-76.1,1.0,-0.6236,-92.2,-93.6,98.0
ETHUSD,15m,smc,Scalping,3488,0.3311,0.7427,-2.0315,-0.001006,-0.97312,-486.56,-0.9754,-12.0689,1.0,0.0,False,-97.3,1.01,-0.8361,-98.7,-98.8,100.0
ETHUSD,15m,smc,Intraday,1937,0.381,0.9423,-0.4052,-0.00041,-0.647217,-323.61,-0.7235,-2.515,0.9277,0.0,False,-64.7,1.06,-0.5102,-88.8,-90.9,93.0
ETHUSD,15m,smc,Aggressive,1964,0.2627,0.895,-0.6947,-0.000686,-0.79482,-397.41,-0.8492,-4.3625,0.993,0.0,False,-79.5,1.03,-0.6578,-93.7,-94.5,99.0
ETHUSD,15m,smc,Intraday_Trailing,1937,0.381,0.9423,-0.4052,-0.00041,-0.647217,-323.61,-0.7235,-2.515,0.9277,0.0,False,-64.7,1.06,-0.5102,-88.8,-90.9,93.0
ETHUSD,15m,smc,Scale_Out_2R,1781,0.3487,0.9219,-0.5465,-0.000591,-0.730677,-365.34,-0.7973,-3.3024,0.9603,0.0,False,-73.1,0.99,-0.5936,-91.6,-93.0,96.0
ETHUSD,30m,ma_crossover,Scalping,2914,0.3346,0.8105,-1.477,-0.000976,-0.950498,-475.25,-0.9559,-8.763,1.0,0.0,False,-95.0,0.99,-0.8135,-98.0,-98.2,100.0
ETHUSD,30m,ma_crossover,Intraday,1121,0.3773,0.9348,-0.4743,-0.000631,-0.615371,-307.69,-0.7403,-2.8343,0.9063,0.0,False,-61.5,1.0,-0.4783,-87.1,-90.0,91.0
ETHUSD,30m,ma_crossover,Aggressive,1139,0.2643,0.9247,-0.5077,-0.000652,-0.622676,-311.34,-0.7153,-3.2989,0.92,0.0,False,-62.3,1.1,-0.4856,-87.8,-89.9,92.0
ETHUSD,30m,ma_crossover,Intraday_Trailing,1121,0.3773,0.9348,-0.4743,-0.000631,-0.615371,-307.69,-0.7403,-2.8343,0.9063,0.0,False,-61.5,1.0,-0.4783,-87.1,-90.0,91.0
ETHUSD,30m,ma_crossover,Scale_Out_2R,1015,0.3438,0.9307,-0.4945,-0.000704,-0.621338,-310.67,-0.7478,-3.0447,0.9167,0.0,False,-62.1,1.03,-0.4843,-88.5,-90.6,92.0
ETHUSD,30m,mean_reversion,Scalping,987,0.3151,0.7909,-1.5567,-0.001229,-0.724823,-362.41,-0.7547,-9.5565,0.999,0.0,False,-72.5,1.03,-0.5878,-85.5,-86.4,100.0
ETHUSD,30m,mean_reversion,Intraday,730,0.3301,0.8324,-1.2378,-0.001833,-0.785132,-392.57,-0.8389,-7.2963,0.992,0.0,False,-78.5,1.0,-0.6481,-92.1,-93.1,99.0
ETHUSD,30m,mean_reversion,Aggressive,776,0.2358,0.8852,-0.7436,-0.001087,-0.649237,-324.62,-0.7284,-4.3844,0.946,0.0,False,-64.9,1.02,-0.5122,-87.4,-89.3,95.0
ETHUSD,30m,mean_reversion,Intraday_Trailing,730,0.3301,0.8324,-1.2378,-0.001833,-0.785132,-392.57,-0.8389,-7.2963,0.992,0.0,False,-78.5,1.0,-0.6481,-92.1,-93.1,99.0
ETHUSD,30m,mean_reversion,Scale_Out_2R,704,0.3011,0.8344,-1.1979,-0.0019,-0.789367,-394.68,-0.8382,-7.111,0.993,0.0,False,-78.9,1.01,-0.6523,-92.4,-93.6,99.0
ETHUSD,30m,bb_rsi_reversion,Scalping,867,0.3126,0.7597,-1.8193,-0.001439,-0.731884,-365.94,-0.7523,-10.6166,1.0,0.0,False,-73.2,0.99,-0.5948,-85.4,-86.3,100.0
ETHUSD,30m,bb_rsi_reversion,Intraday,689,0.3367,0.8332,-1.2432,-0.001866,-0.77231,-386.15,-0.8109,-7.4914,0.9903,0.0,False,-77.2,1.04,-0.6353,-91.5,-92.6,99.0
ETHUSD,30m,bb_rsi_reversion,Aggressive,722,0.2396,0.8499,-1.0162,-0.001462,-0.710704,-355.35,-0.7778,-6.2268,0.981,0.0,False,-71.1,1.08,-0.5737,-88.7,-90.1,98.0
ETHUSD,30m,bb_rsi_reversion,Intraday_Trailing,689,0.3367,0.8332,-1.2432,-0.001866,-0.77231,-386.15,-0.8109,-7.4914,0.9903,0.0,False,-77.2,1.04,-0.6353,-91.5,-92.6,99.0
ETHUSD,30m,bb_rsi_reversion,Scale_Out_2R,669,0.3079,0.8284,-1.2643,-0.002011,-0.789087,-394.54,-0.8272,-7.665,0.9903,0.0,False,-78.9,1.06,-0.652,-92.7,-93.7,99.0
ETHUSD,30m,vwap_cross,Scalping,1105,0.3484,0.8558,-1.0779,-0.000728,-0.580116,-290.06,-0.631,-6.3965,0.99,0.0,False,-58.0,1.0,-0.4431,-76.0,-78.1,99.0
ETHUSD,30m,vwap_cross,Intraday,685,0.3825,0.9472,-0.3821,-0.000497,-0.384665,-192.33,-0.5337,-2.2202,0.8137,0.0001,False,-38.5,1.02,-0.2476,-73.4,-78.6,81.0
ETHUSD,30m,vwap_cross,Aggressive,747,0.2624,0.8869,-0.7886,-0.000972,-0.579979,-289.99,-0.6632,-4.7292,0.9467,0.0,False,-58.0,1.02,-0.4429,-82.6,-84.9,95.0
ETHUSD,30m,vwap_cross,Intraday_Trailing,685,0.3825,0.9472,-0.3821,-0.000497,-0.384665,-192.33,-0.5337,-2.2202,0.8137,0.0001,False,-38.5,1.02,-0.2476,-73.4,-78.6,81.0
ETHUSD,30m,vwap_cross,Scale_Out_2R,642,0.3536,0.9471,-0.3769,-0.000526,-0.389436,-194.72,-0.511,-2.2098,0.802,0.0001,False,-38.9,1.03,-0.2524,-75.6,-80.2,80.0
ETHUSD,30m,breakout,Scalping,1049,0.3356,0.8294,-1.3083,-0.000852,-0.613282,-306.64,-0.6702,-7.9462,0.998,0.0,False,-61.3,1.02,-0.4762,-77.5,-78.9,100.0
ETHUSD,30m,breakout,Intraday,723,0.3624,0.8547,-1.1072,-0.001342,-0.668422,-334.21,-0.6772,-6.6028,0.983,0.0,False,-66.8,0.98,-0.5314,-85.2,-87.2,98.0
ETHUSD,30m,breakout,Aggressive,708,0.2669,0.9316,-0.4576,-0.000558,-0.408847,-204.42,-0.4593,-2.9259,0.844,0.0001,False,-40.9,1.06,-0.2718,-74.6,-78.8,84.0
ETHUSD,30m,breakout,Intraday_Trailing,723,0.3624,0.8547,-1.1072,-0.001342,-0.668422,-334.21,-0.6772,-6.6028,0.983,0.0,False,-66.8,0.98,-0.5314,-85.2,-87.2,98.0
ETHUSD,30m,breakout,Scale_Out_2R,679,0.3446,0.9027,-0.714,-0.000925,-0.537357,-268.68,-0.5681,-4.433,0.9257,0.0,False,-53.7,1.02,-0.4003,-80.4,-83.4,93.0
ETHUSD,30m,price_action,Scalping,1434,0.3424,0.8559,-1.0648,-0.000773,-0.699773,-349.89,-0.7343,-6.3812,0.9963,0.0,False,-70.0,1.0,-0.5627,-85.2,-86.4,100.0
ETHUSD,30m,price_action,Intraday,895,0.3765,0.9297,-0.5031,-0.000719,-0.58191,-290.95,-0.6751,-3.054,0.8997,0.0,False,-58.2,1.03,-0.4449,-86.9,-89.4,90.0
ETHUSD,30m,price_action,Aggressive,901,0.2697,0.9359,-0.4234,-0.000586,-0.523107,-261.55,-0.6334,-2.5492,0.8687,0.0001,False,-52.3,1.06,-0.3861,-83.3,-86.7,87.0
ETHUSD,30m,price_action,Intraday_Trailing,895,0.3765,0.9297,-0.5031,-0.000719,-0.58191,-290.95,-0.6751,-3.054,0.8997,0.0,False,-58.2,1.03,-0.4449,-86.9,-89.4,90.0
ETHUSD,30m,price_action,Scale_Out_2R,823,0.3487,0.9346,-0.4612,-0.000703,-0.558248,-279.12,-0.6722,-2.7823,0.8803,0.0001,False,-55.8,1.1,-0.4212,-85.9,-88.8,88.0
ETHUSD,30m,smc,Scalping,1702,0.3278,0.8183,-1.3618,-0.00098,-0.831046,-415.52,-0.8504,-8.0823,1.0,0.0,False,-83.1,1.01,-0.694,-92.2,-92.8,100.0
ETHUSD,30m,smc,Intraday,960,0.3844,0.9739,-0.1824,-0.00026,-0.388088,-194.04,-0.6199,-1.1171,0.772,0.0003,False,-38.8,0.96,-0.2511,-80.5,-85.1,77.0
ETHUSD,30m,smc,Aggressive,965,0.2653,0.9715,-0.1822,-0.000253,-0.376261,-188.13,-0.5799,-1.2064,0.7537,0.0003,False,-37.6,1.11,-0.2392,-78.8,-83.8,75.0
ETHUSD,30m,smc,Intraday_Trailing,960,0.3844,0.9739,-0.1824,-0.00026,-0.388088,-194.04,-0.6199,-1.1171,0.772,0.0003,False,-38.8,0.96,-0.2511,-80.5,-85.1,77.0
ETHUSD,30m,smc,Scale_Out_2R,882,0.3537,0.9921,-0.054,-8.3e-05,-0.280558,-140.28,-0.5886,-0.3257,0.6877,0.0008,False,-28.1,1.39,-0.1435,-76.7,-82.8,69.0
ETHUSD,1h,ma_crossover,Scalping,1501,0.3318,0.804,-1.5624,-0.001413,-0.897244,-448.62,-0.9099,-9.3027,1.0,0.0,False,-89.7,1.0,-0.7602,-95.9,-96.1,100.0
ETHUSD,1h,ma_crossover,Intraday,593,0.3828,0.9307,-0.5188,-0.000949,-0.555329,-277.66,-0.6819,-3.0717,0.8693,0.0001,False,-55.5,1.02,-0.4183,-86.2,-89.0,87.0
ETHUSD,1h,ma_crossover,Aggressive,592,0.2652,0.9025,-0.6767,-0.001197,-0.608472,-304.24,-0.7385,-3.9321,0.912,0.0,False,-60.8,0.87,-0.4714,-86.6,-89.0,91.0
ETHUSD,1h,ma_crossover,Intraday_Trailing,593,0.3828,0.9307,-0.5188,-0.000949,-0.555329,-277.66,-0.6819,-3.0717,0.8693,0.0001,False,-55.5,1.02,-0.4183,-86.2,-89.0,87.0
ETHUSD,1h,ma_crossover,Scale_Out_2R,515,0.3437,0.9138,-0.6392,-0.001263,-0.593727,-296.86,-0.7068,-3.924,0.8957,0.0,False,-59.4,0.86,-0.4567,-87.2,-89.6,90.0
ETHUSD,1h,mean_reversion,Scalping,540,0.2944,0.8073,-1.3942,-0.001574,-0.607731,-303.87,-0.6473,-8.6398,0.9847,0.0,False,-60.8,1.04,-0.4707,-79.7,-81.6,98.0
ETHUSD,1h,mean_reversion,Intraday,402,0.3433,0.9349,-0.4628,-0.000948,-0.445665,-222.83,-0.5431,-2.83,0.8283,0.0001,False,-44.6,1.04,-0.3086,-80.6,-84.5,83.0
ETHUSD,1h,mean_reversion,Aggressive,400,0.2475,0.9493,-0.3281,-0.000654,-0.365704,-182.85,-0.5211,-2.0225,0.765,0.0003,False,-36.6,1.35,-0.2287,-77.0,-81.7,76.0
ETHUSD,1h,mean_reversion,Intraday_Trailing,402,0.3433,0.9349,-0.4628,-0.000948,-0.445665,-222.83,-0.5431,-2.83,0.8283,0.0001,False,-44.6,1.04,-0.3086,-80.6,-84.5,83.0
ETHUSD,1h,mean_reversion,Scale_Out_2R,377,0.3236,0.9494,-0.3521,-0.000766,-0.398805,-199.4,-0.5303,-2.2993,0.7817,0.0002,False,-39.9,1.29,-0.2618,-79.4,-83.7,78.0
ETHUSD,1h,bb_rsi_reversion,Scalping,434,0.3272,0.8856,-0.8193,-0.000948,-0.383529,-191.76,-0.537,-5.1398,0.8963,0.0,False,-38.4,1.09,-0.2465,-66.3,-69.5,90.0
ETHUSD,1h,bb_rsi_reversion,Intraday,342,0.3363,0.8487,-1.1404,-0.002454,-0.645204,-322.6,-0.728,-7.0599,0.9523,0.0,False,-64.5,1.08,-0.5082,-87.0,-89.2,95.0
ETHUSD,1h,bb_rsi_reversion,Aggressive,353,0.2238,0.8032,-1.3904,-0.002808,-0.689164,-344.58,-0.7614,-8.7465,0.9743,0.0,False,-68.9,1.08,-0.5521,-88.0,-89.5,97.0
ETHUSD,1h,bb_rsi_reversion,Intraday_Trailing,342,0.3363,0.8487,-1.1404,-0.002454,-0.645204,-322.6,-0.728,-7.0599,0.9523,0.0,False,-64.5,1.08,-0.5082,-87.0,-89.2,95.0
ETHUSD,1h,bb_rsi_reversion,Scale_Out_2R,328,0.3079,0.8476,-1.1231,-0.002581,-0.653752,-326.88,-0.7219,-7.1302,0.9417,0.0,False,-65.4,1.1,-0.5167,-87.8,-89.6,94.0
ETHUSD,1h,vwap_cross,Scalping,575,0.353,0.8734,-0.956,-0.000905,-0.442925,-221.46,-0.5296,-5.7221,0.9453,0.0,False,-44.3,0.99,-0.3059,-69.3,-72.3,95.0
ETHUSD,1h,vwap_cross,Intraday,367,0.3815,0.9138,-0.641,-0.00118,-0.444941,-222.47,-0.6793,-3.7568,0.8503,0.0001,False,-44.5,1.14,-0.3079,-77.2,-81.3,85.0
ETHUSD,1h,vwap_cross,Aggressive,393,0.2595,0.8618,-0.9886,-0.001729,-0.563224,-281.61,-0.6807,-5.9942,0.9397,0.0,False,-56.3,1.0,-0.4262,-81.9,-84.0,94.0
ETHUSD,1h,vwap_cross,Intraday_Trailing,367,0.3815,0.9138,-0.641,-0.00118,-0.444941,-222.47,-0.6793,-3.7568,0.8503,0.0001,False,-44.5,1.14,-0.3079,-77.2,-81.3,85.0
ETHUSD,1h,vwap_cross,Scale_Out_2R,346,0.3584,0.9139,-0.6348,-0.001245,-0.449311,-224.66,-0.6928,-3.7615,0.8533,0.0001,False,-44.9,1.0,-0.3123,-78.6,-82.2,85.0
ETHUSD,1h,breakout,Scalping,522,0.3544,0.9477,-0.3802,-0.000353,-0.213513,-106.76,-0.2825,-2.5535,0.7593,0.0002,False,-21.4,0.94,-0.0765,-54.8,-60.4,76.0
ETHUSD,1h,breakout,Intraday,374,0.377,0.9356,-0.4788,-0.000823,-0.359743,-179.87,-0.4632,-3.0935,0.8067,0.0001,False,-36.0,1.01,-0.2227,-72.5,-77.2,81.0
ETHUSD,1h,breakout,Aggressive,382,0.2618,0.9114,-0.6187,-0.001017,-0.403239,-201.62,-0.5005,-4.1248,0.843,0.0001,False,-40.3,0.93,-0.2662,-73.9,-77.5,84.0
ETHUSD,1h,breakout,Intraday_Trailing,374,0.377,0.9356,-0.4788,-0.000823,-0.359743,-179.87,-0.4632,-3.0935,0.8067,0.0001,False,-36.0,1.01,-0.2227,-72.5,-77.2,81.0
ETHUSD,1h,breakout,Scale_Out_2R,341,0.3607,0.9865,-0.0966,-0.000177,-0.182886,-91.44,-0.4532,-1.1071,0.661,0.0007,False,-18.3,1.63,-0.0458,-65.6,-72.8,66.0
ETHUSD,1h,price_action,Scalping,730,0.3356,0.8651,-0.9861,-0.001039,-0.5767,-288.35,-0.6134,-6.2041,0.9693,0.0,False,-57.7,1.07,-0.4397,-79.2,-81.4,97.0
ETHUSD,1h,price_action,Intraday,448,0.3504,0.8678,-0.998,-0.002021,-0.678285,-339.14,-0.7484,-5.9728,0.9517,0.0,False,-67.8,1.0,-0.5412,-89.7,-91.1,95.0
ETHUSD,1h,price_action,Aggressive,483,0.2505,0.8267,-1.244,-0.002301,-0.731828,-365.91,-0.7841,-7.7974,0.9847,0.0,False,-73.2,1.07,-0.5948,-89.9,-91.5,98.0
ETHUSD,1h,price_action,Intraday_Trailing,448,0.3504,0.8678,-0.998,-0.002021,-0.678285,-339.14,-0.7484,-5.9728,0.9517,0.0,False,-67.8,1.0,-0.5412,-89.7,-91.1,95.0
ETHUSD,1h,price_action,Scale_Out_2R,414,0.3261,0.8885,-0.8134,-0.001774,-0.62397,-311.98,-0.7321,-5.0726,0.9207,0.0,False,-62.4,1.0,-0.4869,-88.1,-90.3,92.0
ETHUSD,1h,smc,Scalping,831,0.3237,0.8668,-0.9634,-0.000998,-0.609486,-304.74,-0.6339,-6.0299,0.9773,0.0,False,-60.9,1.04,-0.4724,-82.3,-84.2,98.0
ETHUSD,1h,smc,Intraday,504,0.3472,0.908,-0.6705,-0.001325,-0.598111,-299.06,-0.6564,-4.0156,0.9053,0.0,False,-59.8,0.82,-0.4611,-87.0,-89.5,91.0
ETHUSD,1h,smc,Aggressive,523,0.2505,0.9364,-0.4184,-0.000787,-0.471528,-235.76,-0.5873,-2.6697,0.8283,0.0001,False,-47.2,1.0,-0.3345,-82.2,-85.9,83.0
ETHUSD,1h,smc,Intraday_Trailing,504,0.3472,0.908,-0.6705,-0.001325,-0.598111,-299.06,-0.6564,-4.0156,0.9053,0.0,False,-59.8,0.82,-0.4611,-87.0,-89.5,91.0
ETHUSD,1h,smc,Scale_Out_2R,446,0.3274,0.9528,-0.3332,-0.000704,-0.428487,-214.24,-0.5656,-2.0839,0.7923,0.0002,False,-42.8,1.11,-0.2914,-81.7,-85.8,79.0
ETHUSD,2h,ma_crossover,Scalping,797,0.3425,0.9225,-0.5756,-0.000747,-0.533801,-266.9,-0.6937,-3.5312,0.9027,0.0,False,-53.4,0.97,-0.3983,-81.7,-84.6,90.0
ETHUSD,2h,ma_crossover,Intraday,298,0.3826,1.0387,0.2732,0.000703,-0.033803,-16.9,-0.5393,1.2901,0.5267,0.0028,True,-3.4,-7.72,0.1017,-68.5,-78.3,53.0
ETHUSD,2h,ma_crossover,Aggressive,282,0.2872,1.1093,0.6817,0.001766,0.30717,153.59,-0.4745,3.8833,0.3603,0.01,True,30.7,1.0,0.4427,-56.2,-71.0,36.0
ETHUSD,2h,ma_crossover,Intraday_Trailing,298,0.3826,1.0387,0.2732,0.000703,-0.033803,-16.9,-0.5393,1.2901,0.5267,0.0028,True,-3.4,-7.72,0.1017,-68.5,-78.3,53.0
ETHUSD,2h,ma_crossover,Scale_Out_2R,260,0.3615,1.0723,0.4947,0.001376,0.116642,58.32,-0.4954,2.4848,0.437,0.0052,True,11.7,1.65,0.2522,-64.1,-75.8,44.0
ETHUSD,2h,mean_reversion,Scalping,261,0.3103,0.8016,-1.5056,-0.002399,-0.507868,-253.93,-0.5812,-9.0366,0.954,0.0,False,-50.8,1.07,-0.3724,-75.0,-76.8,95.0
ETHUSD,2h,mean_reversion,Intraday,182,0.3736,1.0108,0.0754,0.000225,-0.145587,-72.79,-0.5367,0.2182,0.6163,0.0013,False,-14.6,0.14,-0.0101,-69.6,-76.6,62.0
ETHUSD,2h,mean_reversion,Aggressive,185,0.2703,0.9966,-0.0216,-6.3e-05,-0.185059,-92.53,-0.4341,-0.3922,0.6403,0.001,False,-18.5,-1.92,-0.0495,-69.5,-75.7,64.0
ETHUSD,2h,mean_reversion,Intraday_Trailing,182,0.3736,1.0108,0.0754,0.000225,-0.145587,-72.79,-0.5367,0.2182,0.6163,0.0013,False,-14.6,0.14,-0.0101,-69.6,-76.6,62.0
ETHUSD,2h,mean_reversion,Scale_Out_2R,176,0.3523,1.0519,0.3481,0.00112,-0.024806,-12.4,-0.5062,1.9813,0.513,0.0028,True,-2.5,0.64,0.1107,-67.3,-75.9,51.0
ETHUSD,2h,bb_rsi_reversion,Scalping,212,0.3113,0.9872,-0.0862,-0.000149,-0.104102,-52.05,-0.3337,-2.11,0.619,0.0008,True,-10.4,2.21,0.0314,-53.6,-60.0,62.0
ETHUSD,2h,bb_rsi_reversion,Intraday,169,0.3254,0.9013,-0.7079,-0.002158,-0.426628,-213.31,-0.5615,-5.6618,0.8243,0.0001,False,-42.7,1.2,-0.2911,-78.9,-82.3,82.0
ETHUSD,2h,bb_rsi_reversion,Aggressive,174,0.2356,0.9051,-0.636,-0.001831,-0.389151,-194.58,-0.4722,-5.083,0.7977,0.0002,False,-38.9,1.31,-0.2536,-75.8,-80.1,80.0
ETHUSD,2h,bb_rsi_reversion,Intraday_Trailing,169,0.3254,0.9013,-0.7079,-0.002158,-0.426628,-213.31,-0.5615,-5.6618,0.8243,0.0001,False,-42.7,1.2,-0.2911,-78.9,-82.3,82.0
ETHUSD,2h,bb_rsi_reversion,Scale_Out_2R,159,0.283,0.8067,-1.4584,-0.004512,-0.595139,-297.57,-0.5962,-10.3249,0.9313,0.0,False,-59.5,1.09,-0.4596,-84.6,-86.7,93.0
ETHUSD,2h,vwap_cross,Scalping,290,0.3138,0.8037,-1.5518,-0.001992,-0.471588,-235.79,-0.5845,-9.7508,0.972,0.0,False,-47.2,1.05,-0.3361,-69.9,-72.6,97.0
ETHUSD,2h,vwap_cross,Intraday,174,0.3793,1.0279,0.1966,0.000515,-0.056039,-28.02,-0.4011,1.1298,0.5507,0.0018,True,-5.6,0.9,0.0795,-59.5,-69.3,55.0
ETHUSD,2h,vwap_cross,Aggressive,186,0.2634,0.9764,-0.1565,-0.000396,-0.196257,-98.13,-0.5898,-1.3371,0.674,0.0007,False,-19.6,1.61,-0.0607,-66.1,-72.6,67.0
ETHUSD,2h,vwap_cross,Intraday_Trailing,174,0.3793,1.0279,0.1966,0.000515,-0.056039,-28.02,-0.4011,1.1298,0.5507,0.0018,True,-5.6,0.9,0.0795,-59.5,-69.3,55.0
ETHUSD,2h,vwap_cross,Scale_Out_2R,163,0.3374,0.9893,-0.0757,-0.000211,-0.172584,-86.29,-0.5072,-0.4987,0.6313,0.0009,False,-17.3,1.98,-0.0371,-67.3,-73.7,63.0
ETHUSD,2h,breakout,Scalping,272,0.3713,0.9652,-0.2585,-0.00032,-0.129629,-64.81,-0.3626,-1.6594,0.6797,0.0004,True,-13.0,1.07,0.0059,-48.4,-55.4,68.0
ETHUSD,2h,breakout,Intraday,183,0.3825,1.0025,0.0184,4.3e-05,-0.110903,-55.45,-0.3554,-0.1915,0.5947,0.0011,True,-11.1,0.62,0.0246,-60.3,-68.5,59.0
ETHUSD,2h,breakout,Aggressive,187,0.2513,0.9014,-0.6938,-0.001532,-0.328489,-164.24,-0.4163,-5.5311,0.8177,0.0001,False,-32.8,1.17,-0.193,-68.5,-72.8,82.0
ETHUSD,2h,breakout,Intraday_Trailing,183,0.3825,1.0025,0.0184,4.3e-05,-0.110903,-55.45,-0.3554,-0.1915,0.5947,0.0011,True,-11.1,0.62,0.0246,-60.3,-68.5,59.0
ETHUSD,2h,breakout,Scale_Out_2R,175,0.3543,1.027,0.1899,0.000477,-0.051223,-25.61,-0.445,0.9154,0.539,0.0018,True,-5.1,2.27,0.0843,-59.8,-68.8,54.0
ETHUSD,2h,price_action,Scalping,350,0.3086,0.7674,-1.8364,-0.002682,-0.64388,-321.94,-0.6635,-11.1667,0.991,0.0,False,-64.4,1.03,-0.5084,-82.3,-83.6,99.0
ETHUSD,2h,price_action,Intraday,203,0.3645,0.943,-0.4158,-0.001187,-0.358926,-179.46,-0.5583,-3.327,0.7633,0.0003,False,-35.9,1.05,-0.2234,-77.7,-81.7,76.0
ETHUSD,2h,price_action,Aggressive,209,0.2679,0.9909,-0.0596,-0.000163,-0.19934,-99.67,-0.4599,-1.3495,0.647,0.0009,False,-19.9,1.48,-0.0638,-70.2,-76.2,65.0
ETHUSD,2h,price_action,Intraday_Trailing,203,0.3645,0.943,-0.4158,-0.001187,-0.358926,-179.46,-0.5583,-3.327,0.7633,0.0003,False,-35.9,1.05,-0.2234,-77.7,-81.7,76.0
ETHUSD,2h,price_action,Scale_Out_2R,194,0.3299,0.9226,-0.5678,-0.001704,-0.420202,-210.1,-0.5361,-4.0637,0.7967,0.0002,False,-42.0,1.02,-0.2847,-80.0,-83.5,80.0
ETHUSD,2h,smc,Scalping,425,0.3412,0.914,-0.6247,-0.000879,-0.379966,-189.98,-0.498,-3.8994,0.8503,0.0001,False,-38.0,0.99,-0.2444,-70.2,-74.7,85.0
ETHUSD,2h,smc,Intraday,237,0.4093,1.1218,0.8248,0.00233,0.374672,187.34,-0.4687,4.7926,0.3163,0.012,True,37.5,1.19,0.5102,-54.9,-71.7,32.0
ETHUSD,2h,smc,Aggressive,240,0.3,1.1483,0.9097,0.002522,0.463646,231.82,-0.4502,5.208,0.2737,0.0157,True,46.4,1.19,0.5992,-51.1,-68.7,27.0
ETHUSD,2h,smc,Intraday_Trailing,237,0.4093,1.1218,0.8248,0.00233,0.374672,187.34,-0.4687,4.7926,0.3163,0.012,True,37.5,1.19,0.5102,-54.9,-71.7,32.0
ETHUSD,2h,smc,Scale_Out_2R,221,0.3846,1.1376,0.9087,0.002749,0.431496,215.75,-0.4545,5.3432,0.3077,0.0139,True,43.1,1.05,0.567,-55.5,-71.5,31.0
ETHUSD,4h,ma_crossover,Scalping,405,0.3284,0.8999,-0.7606,-0.001383,-0.516507,-258.25,-0.6616,-4.8025,0.8963,0.0,False,-51.7,0.82,-0.3805,-81.0,-84.2,90.0
ETHUSD,4h,ma_crossover,Intraday,144,0.3611,0.9747,-0.1867,-0.000681,-0.28307,-141.53,-0.6504,-1.8757,0.692,0.0007,False,-28.3,1.42,-0.1471,-76.5,-81.4,69.0
ETHUSD,4h,ma_crossover,Aggressive,162,0.2469,0.9165,-0.5879,-0.00204,-0.43214,-216.07,-0.6212,-4.7,0.8113,0.0002,False,-43.2,0.77,-0.2962,-80.7,-84.9,81.0
ETHUSD,4h,ma_crossover,Intraday_Trailing,144,0.3611,0.9747,-0.1867,-0.000681,-0.28307,-141.53,-0.6504,-1.8757,0.692,0.0007,False,-28.3,1.42,-0.1471,-76.5,-81.4,69.0
ETHUSD,4h,ma_crossover,Scale_Out_2R,136,0.3162,0.911,-0.6663,-0.002546,-0.444848,-222.42,-0.6397,-5.8006,0.8037,0.0002,False,-44.5,1.34,-0.3089,-81.8,-85.3,80.0
ETHUSD,4h,mean_reversion,Scalping,127,0.315,0.7295,-2.2199,-0.004758,-0.492381,-246.19,-0.5308,-13.4138,0.9593,0.0,False,-49.2,1.06,-0.3564,-72.8,-74.9,96.0
ETHUSD,4h,mean_reversion,Intraday,85,0.3412,0.7664,-1.892,-0.008068,-0.585427,-292.71,-0.568,-11.6122,0.918,0.0,False,-58.5,1.19,-0.4495,-84.6,-86.7,92.0
ETHUSD,4h,mean_reversion,Aggressive,89,0.236,0.7944,-1.4842,-0.006269,-0.526922,-263.46,-0.5841,-9.7102,0.8887,0.0001,False,-52.7,1.03,-0.391,-82.1,-84.1,89.0
ETHUSD,4h,mean_reversion,Intraday_Trailing,85,0.3412,0.7664,-1.892,-0.008068,-0.585427,-292.71,-0.568,-11.6122,0.918,0.0,False,-58.5,1.19,-0.4495,-84.6,-86.7,92.0
ETHUSD,4h,mean_reversion,Scale_Out_2R,83,0.2892,0.6461,-3.1016,-0.013306,-0.727976,-363.99,-0.7165,-18.788,0.981,0.0,False,-72.8,1.02,-0.592,-89.7,-90.6,98.0
ETHUSD,4h,bb_rsi_reversion,Scalping,109,0.3578,1.1463,0.9265,0.002331,0.185523,92.76,-0.2463,5.2443,0.352,0.0074,True,18.6,0.97,0.3215,-39.0,-50.8,35.0
ETHUSD,4h,bb_rsi_reversion,Intraday,78,0.3462,0.754,-2.0444,-0.008429,-0.561439,-280.72,-0.5576,-12.5771,0.9283,0.0,False,-56.1,1.13,-0.4255,-82.0,-84.3,93.0
ETHUSD,4h,bb_rsi_reversion,Aggressive,85,0.2706,0.9864,-0.0894,-0.000381,-0.193984,-96.99,-0.3339,-1.2827,0.656,0.0009,False,-19.4,1.26,-0.058,-69.2,-75.0,66.0
ETHUSD,4h,bb_rsi_reversion,Intraday_Trailing,78,0.3462,0.754,-2.0444,-0.008429,-0.561439,-280.72,-0.5576,-12.5771,0.9283,0.0,False,-56.1,1.13,-0.4255,-82.0,-84.3,93.0
ETHUSD,4h,bb_rsi_reversion,Scale_Out_2R,76,0.3158,0.742,-2.1239,-0.00928,-0.587862,-293.93,-0.5952,-13.966,0.9263,0.0,False,-58.8,1.12,-0.4519,-83.5,-85.6,93.0
ETHUSD,4h,vwap_cross,Scalping,153,0.3399,0.9982,-0.0128,-2.4e-05,-0.069456,-34.73,-0.3752,-0.4569,0.5803,0.001,True,-6.9,73.98,0.0665,-49.8,-57.0,58.0
ETHUSD,4h,vwap_cross,Intraday,89,0.3034,0.6994,-2.6274,-0.009049,-0.609028,-304.51,-0.6638,-15.5959,0.967,0.0,False,-60.9,1.05,-0.4731,-82.8,-84.2,97.0
ETHUSD,4h,vwap_cross,Aggressive,107,0.2056,0.7263,-2.1458,-0.006859,-0.580362,-290.18,-0.605,-13.7635,0.9533,0.0,False,-58.0,1.13,-0.4444,-81.5,-83.1,95.0
ETHUSD,4h,vwap_cross,Intraday_Trailing,89,0.3034,0.6994,-2.6274,-0.009049,-0.609028,-304.51,-0.6638,-15.5959,0.967,0.0,False,-60.9,1.05,-0.4731,-82.8,-84.2,97.0
ETHUSD,4h,vwap_cross,Scale_Out_2R,89,0.3034,0.8008,-1.6001,-0.005997,-0.497392,-248.7,-0.5992,-9.494,0.899,0.0,False,-49.7,0.85,-0.3614,-79.3,-81.6,90.0
ETHUSD,4h,breakout,Scalping,151,0.3179,0.9053,-0.7086,-0.00121,-0.211179,-105.59,-0.3432,-4.7719,0.7583,0.0002,False,-21.1,0.94,-0.0752,-53.9,-58.7,76.0
ETHUSD,4h,breakout,Intraday,101,0.3465,0.8919,-0.8281,-0.002666,-0.32832,-164.16,-0.5234,-5.7436,0.783,0.0002,False,-32.8,1.04,-0.1924,-70.5,-74.8,78.0
ETHUSD,4h,breakout,Aggressive,112,0.2232,0.7916,-1.5686,-0.004651,-0.473413,-236.71,-0.5803,-10.5109,0.911,0.0,False,-47.3,0.89,-0.3375,-76.2,-78.7,91.0
ETHUSD,4h,breakout,Intraday_Trailing,101,0.3465,0.8919,-0.8281,-0.002666,-0.32832,-164.16,-0.5234,-5.7436,0.783,0.0002,False,-32.8,1.04,-0.1924,-70.5,-74.8,78.0
ETHUSD,4h,breakout,Scale_Out_2R,97,0.3402,0.9639,-0.2631,-0.000887,-0.198043,-99.02,-0.4138,-1.6495,0.6683,0.0006,False,-19.8,0.49,-0.0621,-65.9,-72.2,67.0
ETHUSD,4h,price_action,Scalping,161,0.354,1.0392,0.2689,0.0006,-0.002171,-1.09,-0.3459,0.1609,0.506,0.0022,True,-0.2,0.21,0.1338,-53.2,-61.6,51.0
ETHUSD,4h,price_action,Intraday,89,0.382,0.9197,-0.6018,-0.002678,-0.366141,-183.07,-0.5211,-3.8395,0.771,0.0003,False,-36.6,1.39,-0.2302,-78.5,-82.4,77.0
ETHUSD,4h,price_action,Aggressive,92,0.2609,0.9478,-0.3497,-0.001526,-0.294234,-147.12,-0.4994,-3.3603,0.7097,0.0005,False,-29.4,0.69,-0.1583,-74.5,-79.1,71.0
ETHUSD,4h,price_action,Intraday_Trailing,89,0.382,0.9197,-0.6018,-0.002678,-0.366141,-183.07,-0.5211,-3.8395,0.771,0.0003,False,-36.6,1.39,-0.2302,-78.5,-82.4,77.0
ETHUSD,4h,price_action,Scale_Out_2R,85,0.3529,0.9178,-0.6072,-0.00289,-0.381833,-190.92,-0.6076,-3.3198,0.7647,0.0003,False,-38.2,1.88,-0.2459,-78.3,-83.0,76.0
ETHUSD,4h,smc,Scalping,220,0.3955,1.1451,0.9705,0.002024,0.386094,193.05,-0.3309,5.8998,0.2463,0.0159,True,38.6,1.07,0.5221,-36.8,-56.4,25.0
ETHUSD,4h,smc,Intraday,119,0.3782,0.9042,-0.7289,-0.002974,-0.451235,-225.62,-0.5885,-4.5703,0.8117,0.0002,False,-45.1,1.11,-0.3153,-82.8,-86.0,81.0
ETHUSD,4h,smc,Aggressive,128,0.2812,1.0269,0.1776,0.000709,-0.14331,-71.65,-0.5717,-0.143,0.6053,0.0016,False,-14.3,-0.1,-0.0073,-72.2,-78.8,61.0
ETHUSD,4h,smc,Intraday_Trailing,119,0.3782,0.9042,-0.7289,-0.002974,-0.451235,-225.62,-0.5885,-4.5703,0.8117,0.0002,False,-45.1,1.11,-0.3153,-82.8,-86.0,81.0
ETHUSD,4h,smc,Scale_Out_2R,110,0.3636,0.9533,-0.3429,-0.001518,-0.350781,-175.39,-0.5732,-1.8707,0.7273,0.0005,False,-35.1,0.75,-0.2148,-80.1,-84.5,73.0
SOLUSD,15m,ma_crossover,Scalping,6030,0.3373,0.7928,-1.6032,-0.000891,-0.996332,-498.17,-0.9963,-9.586,1.0,0.0,False,-99.6,1.01,-0.4508,-99.9,-99.9,100.0
SOLUSD,15m,ma_crossover,Intraday,2301,0.3581,0.8923,-0.7785,-0.000861,-0.902885,-451.44,-0.9034,-4.6662,0.9983,0.0,False,-90.3,0.98,-0.3574,-97.6,-98.0,100.0
SOLUSD,15m,ma_crossover,Aggressive,2326,0.2545,0.8998,-0.6658,-0.000728,-0.8698,-434.9,-0.8713,-3.9596,0.9923,0.0,False,-87.0,0.99,-0.3243,-96.6,-97.2,99.0
SOLUSD,15m,ma_crossover,Intraday_Trailing,2301,0.3581,0.8923,-0.7785,-0.000861,-0.902885,-451.44,-0.9034,-4.6662,0.9983,0.0,False,-90.3,0.98,-0.3574,-97.6,-98.0,100.0
SOLUSD,15m,ma_crossover,Scale_Out_2R,2078,0.3282,0.8802,-0.8645,-0.001019,-0.915989,-457.99,-0.9159,-5.1262,0.9983,0.0,False,-91.6,0.99,-0.3705,-98.0,-98.3,100.0
SOLUSD,15m,mean_reversion,Scalping,1873,0.3364,0.7525,-1.9082,-0.00121,-0.905811,-452.91,-0.9173,-11.308,1.0,0.0,False,-90.6,1.02,-0.3603,-95.3,-95.6,100.0
SOLUSD,15m,mean_reversion,Intraday,1422,0.3615,0.8608,-0.9934,-0.001233,-0.868269,-434.13,-0.8989,-5.831,0.996,0.0,False,-86.8,1.01,-0.3227,-96.1,-96.6,100.0
SOLUSD,15m,mean_reversion,Aggressive,1508,0.2646,0.882,-0.7578,-0.000935,-0.815813,-407.91,-0.8715,-4.5695,0.9883,0.0,False,-81.6,0.99,-0.2703,-94.6,-95.4,99.0
SOLUSD,15m,mean_reversion,Intraday_Trailing,1422,0.3615,0.8608,-0.9934,-0.001233,-0.868269,-434.13,-0.8989,-5.831,0.996,0.0,False,-86.8,1.01,-0.3227,-96.1,-96.6,100.0
SOLUSD,15m,mean_reversion,Scale_Out_2R,1387,0.341,0.8914,-0.7458,-0.001,-0.816579,-408.29,-0.8722,-4.4214,0.985,0.0,False,-81.7,1.03,-0.271,-95.1,-96.0,98.0
SOLUSD,15m,bb_rsi_reversion,Scalping,1614,0.3389,0.7705,-1.7619,-0.001101,-0.84381,-421.91,-0.8675,-10.5622,1.0,0.0,False,-84.4,1.01,-0.2983,-91.8,-92.2,100.0
SOLUSD,15m,bb_rsi_reversion,Intraday,1290,0.3574,0.8256,-1.2705,-0.001562,-0.895532,-447.77,-0.9089,-7.4267,0.9987,0.0,False,-89.6,0.99,-0.35,-96.7,-97.2,100.0
SOLUSD,15m,bb_rsi_reversion,Aggressive,1355,0.2494,0.8092,-1.2772,-0.001522,-0.899637,-449.82,-0.9258,-7.6159,0.9993,0.0,False,-90.0,1.01,-0.3541,-96.7,-97.0,100.0
SOLUSD,15m,bb_rsi_reversion,Intraday_Trailing,1290,0.3574,0.8256,-1.2705,-0.001562,-0.895532,-447.77,-0.9089,-7.4267,0.9987,0.0,False,-89.6,0.99,-0.35,-96.7,-97.2,100.0
SOLUSD,15m,bb_rsi_reversion,Scale_Out_2R,1245,0.3317,0.8357,-1.1641,-0.001538,-0.887583,-443.79,-0.913,-6.8581,0.9993,0.0,False,-88.8,1.0,-0.342,-96.6,-97.1,100.0
SOLUSD,15m,vwap_cross,Scalping,2312,0.3443,0.8486,-1.113,-0.000629,-0.787093,-393.55,-0.7875,-6.7349,1.0,0.0,False,-78.7,1.02,-0.2416,-89.7,-90.4,100.0
SOLUSD,15m,vwap_cross,Intraday,1451,0.3666,0.9476,-0.3631,-0.000404,-0.555095,-277.55,-0.5884,-2.1455,0.8877,0.0,False,-55.5,1.04,-0.0096,-85.3,-88.3,89.0
SOLUSD,15m,vwap_cross,Aggressive,1613,0.2548,0.9423,-0.3653,-0.000399,-0.58556,-292.78,-0.6264,-2.1585,0.8873,0.0,False,-58.6,1.01,-0.04,-86.6,-89.4,89.0
SOLUSD,15m,vwap_cross,Intraday_Trailing,1451,0.3666,0.9476,-0.3631,-0.000404,-0.555095,-277.55,-0.5884,-2.1455,0.8877,0.0,False,-55.5,1.04,-0.0096,-85.3,-88.3,89.0
SOLUSD,15m,vwap_cross,Scale_Out_2R,1400,0.3336,0.9441,-0.3797,-0.000454,-0.587491,-293.75,-0.5992,-2.2702,0.894,0.0,False,-58.7,1.05,-0.042,-86.7,-89.4,89.0
SOLUSD,15m,breakout,Scalping,2192,0.3271,0.7703,-1.7927,-0.000985,-0.893989,-446.99,-0.8969,-10.574,1.0,0.0,False,-89.4,1.0,-0.3485,-94.7,-94.9,100.0
SOLUSD,15m,breakout,Intraday,1448,0.3584,0.8689,-0.9677,-0.001011,-0.810255,-405.13,-0.8107,-5.8675,0.997,0.0,False,-81.0,1.03,-0.2647,-93.3,-94.2,100.0
SOLUSD,15m,breakout,Aggressive,1496,0.246,0.8131,-1.3123,-0.001307,-0.882278,-441.14,-0.8888,-7.7011,1.0,0.0,False,-88.2,1.0,-0.3367,-95.5,-96.0,100.0
SOLUSD,15m,breakout,Intraday_Trailing,1448,0.3584,0.8689,-0.9677,-0.001011,-0.810255,-405.13,-0.8107,-5.8675,0.997,0.0,False,-81.0,1.03,-0.2647,-93.3,-94.2,100.0
SOLUSD,15m,breakout,Scale_Out_2R,1375,0.3244,0.8502,-1.1029,-0.001216,-0.847691,-423.85,-0.8591,-6.6282,0.9977,0.0,False,-84.8,1.02,-0.3022,-95.0,-95.5,100.0
SOLUSD,15m,price_action,Scalping,2479,0.3227,0.7499,-1.9631,-0.001197,-0.954222,-477.11,-0.9592,-11.7321,1.0,0.0,False,-95.4,1.01,-0.4087,-97.9,-98.0,100.0
SOLUSD,15m,price_action,Intraday,1592,0.3511,0.8206,-1.3584,-0.001608,-0.941639,-470.82,-0.9492,-8.029,1.0,0.0,False,-94.2,1.0,-0.3961,-98.3,-98.5,100.0
SOLUSD,15m,price_action,Aggressive,1673,0.2343,0.8151,-1.2565,-0.001482,-0.937247,-468.62,-0.9471,-7.7241,1.0,0.0,False,-93.7,1.04,-0.3917,-98.1,-98.4,100.0
SOLUSD,15m,price_action,Intraday_Trailing,1592,0.3511,0.8206,-1.3584,-0.001608,-0.941639,-470.82,-0.9492,-8.029,1.0,0.0,False,-94.2,1.0,-0.3961,-98.3,-98.5,100.0
SOLUSD,15m,price_action,Scale_Out_2R,1473,0.3232,0.8397,-1.1767,-0.001507,-0.919675,-459.84,-0.9306,-6.9344,0.9983,0.0,False,-92.0,1.0,-0.3741,-97.7,-98.0,100.0
SOLUSD,15m,smc,Scalping,3565,0.3403,0.8137,-1.3854,-0.000823,-0.954706,-477.35,-0.958,-8.3537,1.0,0.0,False,-95.5,1.02,-0.4092,-98.2,-98.3,100.0
SOLUSD,15m,smc,Intraday,1999,0.3637,0.8873,-0.8063,-0.000958,-0.896502,-448.25,-0.9041,-4.7197,0.996,0.0,False,-89.7,0.99,-0.351,-97.4,-97.8,100.0
SOLUSD,15m,smc,Aggressive,2096,0.2462,0.8522,-0.9856,-0.001127,-0.932987,-466.49,-0.9409,-5.7539,1.0,0.0,False,-93.3,0.99,-0.3875,-98.2,-98.5,100.0
SOLUSD,15m,smc,Intraday_Trailing,1999,0.3637,0.8873,-0.8063,-0.000958,-0.896502,-448.25,-0.9041,-4.7197,0.996,0.0,False,-89.7,0.99,-0.351,-97.4,-97.8,100.0
SOLUSD,15m,smc,Scale_Out_2R,1842,0.3339,0.8874,-0.7954,-0.001013,-0.893366,-446.68,-0.9047,-4.6028,0.9943,0.0,False,-89.3,1.01,-0.3478,-97.4,-97.8,99.0
SOLUSD,30m,ma_crossover,Scalping,2852,0.3363,0.8718,-0.9556,-0.00077,-0.91178,-455.89,-0.912,-5.7746,0.9993,0.0,False,-91.2,1.01,-0.3662,-97.1,-97.5,100.0
SOLUSD,30m,ma_crossover,Intraday,1116,0.3584,0.9117,-0.6479,-0.001028,-0.776218,-388.11,-0.7752,-3.8087,0.9653,0.0,False,-77.6,1.06,-0.2307,-94.4,-95.6,97.0
SOLUSD,30m,ma_crossover,Aggressive,1122,0.2549,0.9452,-0.3574,-0.000558,-0.618392,-309.2,-0.6351,-2.1263,0.887,0.0001,False,-61.8,1.03,-0.0729,-90.3,-92.5,89.0
SOLUSD,30m,ma_crossover,Intraday_Trailing,1116,0.3584,0.9117,-0.6479,-0.001028,-0.776218,-388.11,-0.7752,-3.8087,0.9653,0.0,False,-77.6,1.06,-0.2307,-94.4,-95.6,97.0
SOLUSD,30m,ma_crossover,Scale_Out_2R,969,0.3261,0.8938,-0.7716,-0.001296,-0.797318,-398.66,-0.7967,-4.4412,0.969,0.0,False,-79.7,1.04,-0.2518,-94.6,-95.6,97.0
SOLUSD,30m,mean_reversion,Scalping,978,0.318,0.7408,-2.0369,-0.001762,-0.837471,-418.74,-0.8534,-12.2016,1.0,0.0,False,-83.7,1.02,-0.2919,-91.9,-92.3,100.0
SOLUSD,30m,mean_reversion,Intraday,753,0.3679,0.9173,-0.5939,-0.000982,-0.630823,-315.41,-0.7421,-3.5444,0.9223,0.0,False,-63.1,1.06,-0.0853,-88.5,-90.8,92.0
SOLUSD,30m,mean_reversion,Aggressive,800,0.2512,0.9293,-0.4489,-0.000764,-0.590832,-295.42,-0.7199,-2.787,0.878,0.0001,False,-59.1,1.08,-0.0453,-87.3,-90.0,88.0
SOLUSD,30m,mean_reversion,Intraday_Trailing,753,0.3679,0.9173,-0.5939,-0.000982,-0.630823,-315.41,-0.7421,-3.5444,0.9223,0.0,False,-63.1,1.06,-0.0853,-88.5,-90.8,92.0
SOLUSD,30m,mean_reversion,Scale_Out_2R,726,0.3278,0.8924,-0.7692,-0.001362,-0.71971,-359.86,-0.7755,-4.5672,0.954,0.0,False,-72.0,0.98,-0.1742,-91.5,-92.9,95.0
SOLUSD,30m,bb_rsi_reversion,Scalping,838,0.3461,0.8613,-0.9937,-0.000925,-0.579414,-289.71,-0.6337,-5.8015,0.9767,0.0,False,-57.9,0.99,-0.0339,-79.2,-81.3,98.0
SOLUSD,30m,bb_rsi_reversion,Intraday,665,0.3669,0.9456,-0.369,-0.000671,-0.511773,-255.89,-0.7002,-2.0087,0.8337,0.0001,True,-51.2,0.91,0.0338,-85.4,-88.7,83.0
SOLUSD,30m,bb_rsi_reversion,Aggressive,695,0.259,0.9764,-0.141,-0.000258,-0.367747,-183.87,-0.6924,-1.1585,0.7343,0.0005,True,-36.8,1.38,0.1778,-81.2,-85.7,73.0
SOLUSD,30m,bb_rsi_reversion,Intraday_Trailing,665,0.3669,0.9456,-0.369,-0.000671,-0.511773,-255.89,-0.7002,-2.0087,0.8337,0.0001,True,-51.2,0.91,0.0338,-85.4,-88.7,83.0
SOLUSD,30m,bb_rsi_reversion,Scale_Out_2R,644,0.3401,0.9561,-0.2896,-0.000567,-0.486662,-243.33,-0.6938,-1.5877,0.8057,0.0002,True,-48.7,0.94,0.0589,-85.2,-89.0,81.0
SOLUSD,30m,vwap_cross,Scalping,1098,0.3625,0.977,-0.158,-0.000132,-0.21492,-107.46,-0.3703,-1.2516,0.6883,0.0003,True,-21.5,1.21,0.3306,-61.8,-68.6,69.0
SOLUSD,30m,vwap_cross,Intraday,681,0.3803,0.9652,-0.2434,-0.000384,-0.376898,-188.45,-0.5207,-1.1209,0.7613,0.0003,True,-37.7,0.81,0.1686,-78.4,-83.2,76.0
SOLUSD,30m,vwap_cross,Aggressive,754,0.2679,0.9709,-0.1854,-0.000291,-0.360357,-180.18,-0.5279,-0.9524,0.7487,0.0004,True,-36.0,1.02,0.1852,-78.4,-83.6,75.0
SOLUSD,30m,vwap_cross,Intraday_Trailing,681,0.3803,0.9652,-0.2434,-0.000384,-0.376898,-188.45,-0.5207,-1.1209,0.7613,0.0003,True,-37.7,0.81,0.1686,-78.4,-83.2,76.0
SOLUSD,30m,vwap_cross,Scale_Out_2R,646,0.3467,0.9398,-0.4211,-0.000712,-0.497771,-248.89,-0.5996,-2.228,0.852,0.0001,True,-49.8,1.0,0.0478,-83.4,-86.9,85.0
SOLUSD,30m,breakout,Scalping,1050,0.3133,0.7754,-1.784,-0.00138,-0.783182,-391.59,-0.7876,-10.9459,1.0,0.0,False,-78.3,1.03,-0.2376,-88.8,-89.4,100.0
SOLUSD,30m,breakout,Intraday,713,0.3464,0.859,-1.0589,-0.001575,-0.732925,-366.46,-0.7534,-6.2972,0.9867,0.0,False,-73.3,1.0,-0.1874,-90.3,-91.6,99.0
SOLUSD,30m,breakout,Aggressive,725,0.2455,0.8602,-0.9771,-0.001389,-0.695348,-347.67,-0.7301,-5.8851,0.9747,0.0,False,-69.5,1.01,-0.1498,-88.7,-90.2,97.0
SOLUSD,30m,breakout,Intraday_Trailing,713,0.3464,0.859,-1.0589,-0.001575,-0.732925,-366.46,-0.7534,-6.2972,0.9867,0.0,False,-73.3,1.0,-0.1874,-90.3,-91.6,99.0
SOLUSD,30m,breakout,Scale_Out_2R,669,0.3184,0.8631,-1.0083,-0.001601,-0.72235,-361.18,-0.7737,-5.9826,0.9783,0.0,False,-72.2,1.01,-0.1768,-90.0,-91.5,98.0
SOLUSD,30m,price_action,Scalping,1326,0.3409,0.8716,-0.9238,-0.000818,-0.70325,-351.63,-0.7442,-5.3984,0.99,0.0,False,-70.3,1.02,-0.1577,-87.1,-88.4,99.0
SOLUSD,30m,price_action,Intraday,842,0.367,0.9472,-0.3705,-0.000621,-0.558114,-279.06,-0.7646,-2.4745,0.866,0.0001,False,-55.8,1.13,-0.0126,-87.1,-90.1,87.0
SOLUSD,30m,price_action,Aggressive,861,0.2636,1.0117,0.0711,0.000122,-0.185388,-92.69,-0.6157,0.2098,0.606,0.0017,True,-18.5,0.62,0.3601,-78.0,-84.2,61.0
SOLUSD,30m,price_action,Intraday_Trailing,842,0.367,0.9472,-0.3705,-0.000621,-0.558114,-279.06,-0.7646,-2.4745,0.866,0.0001,False,-55.8,1.13,-0.0126,-87.1,-90.1,87.0
SOLUSD,30m,price_action,Scale_Out_2R,797,0.3513,1.0055,0.0366,6.6e-05,-0.236996,-118.5,-0.6496,-0.0569,0.6223,0.0013,True,-23.7,-0.24,0.3085,-78.3,-85.2,62.0
SOLUSD,30m,smc,Scalping,1757,0.3267,0.819,-1.3559,-0.001143,-0.885307,-442.65,-0.8872,-8.0443,1.0,0.0,False,-88.5,0.99,-0.3398,-95.4,-95.8,100.0
SOLUSD,30m,smc,Intraday,990,0.3515,0.851,-1.1238,-0.001816,-0.880171,-440.09,-0.888,-6.4641,0.9957,0.0,False,-88.0,1.01,-0.3346,-96.7,-97.2,100.0
SOLUSD,30m,smc,Aggressive,1042,0.2303,0.7774,-1.6142,-0.002452,-0.942424,-471.21,-0.9431,-9.4996,1.0,0.0,False,-94.2,0.98,-0.3969,-98.3,-98.5,100.0
SOLUSD,30m,smc,Intraday_Trailing,990,0.3515,0.851,-1.1238,-0.001816,-0.880171,-440.09,-0.888,-6.4641,0.9957,0.0,False,-88.0,1.01,-0.3346,-96.7,-97.2,100.0
SOLUSD,30m,smc,Scale_Out_2R,925,0.3265,0.8658,-0.9894,-0.0017,-0.85235,-426.18,-0.8576,-5.7379,0.9877,0.0,False,-85.2,0.99,-0.3068,-96.2,-96.9,99.0
SOLUSD,1h,ma_crossover,Scalping,1444,0.3511,0.9447,-0.4009,-0.000453,-0.586913,-293.46,-0.7334,-2.3833,0.903,0.0,False,-58.7,1.03,-0.0414,-86.4,-89.3,90.0
SOLUSD,1h,ma_crossover,Intraday,553,0.3816,0.9569,-0.3133,-0.000696,-0.514932,-257.47,-0.6816,-1.8528,0.8193,0.0002,True,-51.5,0.96,0.0306,-87.6,-90.9,82.0
SOLUSD,1h,ma_crossover,Aggressive,567,0.2698,0.9966,-0.0217,-4.9e-05,-0.312934,-156.47,-0.6865,-0.1493,0.6807,0.001,True,-31.3,0.47,0.2326,-81.3,-87.3,68.0
SOLUSD,1h,ma_crossover,Intraday_Trailing,553,0.3816,0.9569,-0.3133,-0.000696,-0.514932,-257.47,-0.6816,-1.8528,0.8193,0.0002,True,-51.5,0.96,0.0306,-87.6,-90.9,82.0
SOLUSD,1h,ma_crossover,Scale_Out_2R,507,0.3452,0.9579,-0.2985,-0.000718,-0.51556,-257.78,-0.6728,-1.7531,0.8077,0.0002,True,-51.6,1.01,0.03,-87.2,-90.7,81.0
SOLUSD,1h,mean_reversion,Scalping,497,0.328,0.863,-0.9726,-0.001304,-0.531729,-265.86,-0.5987,-6.0341,0.9477,0.0,True,-53.2,1.04,0.0138,-78.3,-80.9,95.0
SOLUSD,1h,mean_reversion,Intraday,379,0.3641,0.9413,-0.4169,-0.000992,-0.472705,-236.35,-0.5808,-2.6438,0.802,0.0002,True,-47.3,0.85,0.0728,-83.2,-87.1,80.0
SOLUSD,1h,mean_reversion,Aggressive,387,0.2558,0.9476,-0.3305,-0.000798,-0.439954,-219.98,-0.6499,-2.0566,0.789,0.0003,True,-44.0,1.18,0.1056,-82.3,-86.7,79.0
SOLUSD,1h,mean_reversion,Intraday_Trailing,379,0.3641,0.9413,-0.4169,-0.000992,-0.472705,-236.35,-0.5808,-2.6438,0.802,0.0002,True,-47.3,0.85,0.0728,-83.2,-87.1,80.0
SOLUSD,1h,mean_reversion,Scale_Out_2R,364,0.3407,0.948,-0.365,-0.000914,-0.458098,-229.05,-0.6025,-2.3246,0.788,0.0002,True,-45.8,1.28,0.0874,-84.0,-87.5,79.0
SOLUSD,1h,bb_rsi_reversion,Scalping,424,0.3255,0.8478,-1.1273,-0.001468,-0.509403,-254.7,-0.6369,-6.6407,0.947,0.0,True,-50.9,1.0,0.0361,-75.6,-77.9,95.0
SOLUSD,1h,bb_rsi_reversion,Intraday,336,0.3601,0.9586,-0.2923,-0.000704,-0.37892,-189.46,-0.6254,-1.7268,0.7603,0.0003,True,-37.9,0.88,0.1666,-80.1,-84.8,76.0
SOLUSD,1h,bb_rsi_reversion,Aggressive,368,0.2636,0.9499,-0.3291,-0.000775,-0.413523,-206.76,-0.6821,-2.2511,0.784,0.0003,True,-41.4,1.26,0.132,-81.4,-85.6,78.0
SOLUSD,1h,bb_rsi_reversion,Intraday_Trailing,336,0.3601,0.9586,-0.2923,-0.000704,-0.37892,-189.46,-0.6254,-1.7268,0.7603,0.0003,True,-37.9,0.88,0.1666,-80.1,-84.8,76.0
SOLUSD,1h,bb_rsi_reversion,Scale_Out_2R,330,0.3424,1.0136,0.0915,0.000238,-0.176324,-88.16,-0.5439,0.5177,0.61,0.0015,True,-17.6,0.37,0.3692,-76.1,-82.9,61.0
SOLUSD,1h,vwap_cross,Scalping,551,0.3466,0.896,-0.7674,-0.000892,-0.44258,-221.29,-0.578,-4.5858,0.918,0.0,True,-44.3,1.03,0.103,-72.0,-75.2,92.0
SOLUSD,1h,vwap_cross,Intraday,351,0.3789,0.9569,-0.3088,-0.000696,-0.372138,-186.07,-0.5509,-1.4756,0.76,0.0003,True,-37.2,0.97,0.1734,-78.4,-83.4,76.0
SOLUSD,1h,vwap_cross,Aggressive,392,0.2526,0.8887,-0.7789,-0.00161,-0.567209,-283.6,-0.619,-4.4616,0.903,0.0,False,-56.7,1.04,-0.0217,-83.8,-86.9,90.0
SOLUSD,1h,vwap_cross,Intraday_Trailing,351,0.3789,0.9569,-0.3088,-0.000696,-0.372138,-186.07,-0.5509,-1.4756,0.76,0.0003,True,-37.2,0.97,0.1734,-78.4,-83.4,76.0
SOLUSD,1h,vwap_cross,Scale_Out_2R,337,0.3561,0.9628,-0.2621,-0.000631,-0.364641,-182.32,-0.5786,-1.1936,0.7507,0.0004,True,-36.5,1.72,0.1809,-79.3,-84.4,75.0
SOLUSD,1h,breakout,Scalping,528,0.3258,0.7867,-1.7027,-0.001874,-0.657101,-328.55,-0.667,-9.85,0.9967,0.0,False,-65.7,0.99,-0.1116,-82.0,-83.2,100.0
SOLUSD,1h,breakout,Intraday,365,0.3589,0.8523,-1.1391,-0.002418,-0.663182,-331.59,-0.7532,-6.6657,0.9537,0.0,False,-66.3,0.95,-0.1176,-87.4,-89.4,95.0
SOLUSD,1h,breakout,Aggressive,358,0.257,0.8653,-0.9671,-0.001928,-0.579391,-289.7,-0.6036,-5.5805,0.9303,0.0,False,-57.9,0.87,-0.0339,-84.2,-86.6,93.0
SOLUSD,1h,breakout,Intraday_Trailing,365,0.3589,0.8523,-1.1391,-0.002418,-0.663182,-331.59,-0.7532,-6.6657,0.9537,0.0,False,-66.3,0.95,-0.1176,-87.4,-89.4,95.0
SOLUSD,1h,breakout,Scale_Out_2R,346,0.3237,0.8259,-1.3364,-0.003027,-0.718655,-359.33,-0.7499,-7.8313,0.977,0.0,False,-71.9,0.96,-0.1731,-90.3,-91.5,98.0
SOLUSD,1h,price_action,Scalping,661,0.3253,0.9274,-0.5049,-0.000636,-0.423021,-211.51,-0.5932,-3.1849,0.8637,0.0001,True,-42.3,1.09,0.1225,-74.8,-78.8,86.0
SOLUSD,1h,price_action,Intraday,429,0.3566,0.9626,-0.2662,-0.00061,-0.416781,-208.39,-0.6235,-1.6557,0.7587,0.0003,True,-41.7,1.26,0.1288,-82.6,-86.5,76.0
SOLUSD,1h,price_action,Aggressive,428,0.2477,0.9119,-0.5732,-0.001327,-0.570323,-285.16,-0.7269,-3.4849,0.871,0.0001,False,-57.0,1.12,-0.0248,-86.4,-89.3,87.0
SOLUSD,1h,price_action,Intraday_Trailing,429,0.3566,0.9626,-0.2662,-0.00061,-0.416781,-208.39,-0.6235,-1.6557,0.7587,0.0003,True,-41.7,1.26,0.1288,-82.6,-86.5,76.0
SOLUSD,1h,price_action,Scale_Out_2R,381,0.3333,0.9283,-0.5129,-0.00125,-0.529524,-264.76,-0.7445,-3.251,0.849,0.0001,False,-53.0,1.15,0.016,-86.4,-89.2,85.0
SOLUSD,1h,smc,Scalping,844,0.3128,0.7801,-1.7278,-0.00199,-0.838072,-419.04,-0.8364,-10.1693,1.0,0.0,False,-83.8,0.99,-0.2925,-93.1,-93.7,100.0
SOLUSD,1h,smc,Intraday,506,0.3577,0.9191,-0.591,-0.001344,-0.633737,-316.87,-0.6265,-3.5358,0.8983,0.0001,False,-63.4,1.03,-0.0882,-90.3,-92.6,90.0
SOLUSD,1h,smc,Aggressive,530,0.2491,0.8971,-0.7133,-0.001527,-0.669934,-334.97,-0.6656,-4.3571,0.9133,0.0,False,-67.0,1.08,-0.1244,-90.6,-92.4,91.0
SOLUSD,1h,smc,Intraday_Trailing,506,0.3577,0.9191,-0.591,-0.001344,-0.633737,-316.87,-0.6265,-3.5358,0.8983,0.0001,False,-63.4,1.03,-0.0882,-90.3,-92.6,90.0
SOLUSD,1h,smc,Scale_Out_2R,469,0.3305,0.9365,-0.4486,-0.001105,-0.58007,-290.04,-0.5717,-2.8753,0.8433,0.0001,False,-58.0,1.22,-0.0345,-88.5,-91.2,84.0
SOLUSD,2h,ma_crossover,Scalping,711,0.3333,0.8833,-0.8766,-0.001411,-0.708547,-354.27,-0.7737,-5.4,0.9647,0.0,False,-70.9,1.06,-0.163,-90.6,-92.1,96.0
SOLUSD,2h,ma_crossover,Intraday,275,0.3818,0.982,-0.1307,-0.000402,-0.350729,-175.36,-0.6765,-0.8974,0.699,0.0007,True,-35.1,0.68,0.1948,-81.0,-86.4,70.0
SOLUSD,2h,ma_crossover,Aggressive,287,0.2648,0.962,-0.2559,-0.000799,-0.433726,-216.86,-0.6003,-1.8228,0.7493,0.0004,True,-43.4,1.11,0.1118,-85.1,-88.8,75.0
SOLUSD,2h,ma_crossover,Intraday_Trailing,275,0.3818,0.982,-0.1307,-0.000402,-0.350729,-175.36,-0.6765,-0.8974,0.699,0.0007,True,-35.1,0.68,0.1948,-81.0,-86.4,70.0
SOLUSD,2h,ma_crossover,Scale_Out_2R,253,0.3557,1.015,0.1055,0.000355,-0.230636,-115.32,-0.6518,0.4684,0.6277,0.0015,True,-23.1,-1.7,0.3149,-81.1,-86.9,63.0
SOLUSD,2h,mean_reversion,Scalping,287,0.2997,0.7913,-1.5932,-0.002862,-0.608174,-304.09,-0.6322,-9.6785,0.9687,0.0,False,-60.8,1.1,-0.0626,-82.2,-83.8,97.0
SOLUSD,2h,mean_reversion,Intraday,189,0.3651,0.9449,-0.3922,-0.001399,-0.427524,-213.76,-0.58,-2.0486,0.7597,0.0003,True,-42.8,3.52,0.118,-83.2,-87.2,76.0
SOLUSD,2h,mean_reversion,Aggressive,208,0.2356,0.8704,-0.8625,-0.003029,-0.607119,-303.56,-0.7025,-5.2936,0.8903,0.0001,False,-60.7,1.27,-0.0616,-89.2,-91.2,89.0
SOLUSD,2h,mean_reversion,Intraday_Trailing,189,0.3651,0.9449,-0.3922,-0.001399,-0.427524,-213.76,-0.58,-2.0486,0.7597,0.0003,True,-42.8,3.52,0.118,-83.2,-87.2,76.0
SOLUSD,2h,mean_reversion,Scale_Out_2R,176,0.3239,0.918,-0.5762,-0.002249,-0.512861,-256.43,-0.5925,-3.3452,0.8097,0.0002,True,-51.3,1.32,0.0327,-86.4,-89.5,81.0
SOLUSD,2h,bb_rsi_reversion,Scalping,220,0.2455,0.6704,-2.7041,-0.004861,-0.686323,-343.16,-0.6956,-16.8604,0.9963,0.0,False,-68.6,1.09,-0.1408,-83.9,-84.7,100.0
SOLUSD,2h,bb_rsi_reversion,Intraday,175,0.3029,0.7997,-1.5702,-0.005276,-0.688645,-344.32,-0.7098,-9.7999,0.954,0.0,False,-68.9,1.06,-0.1431,-89.8,-91.1,95.0
SOLUSD,2h,bb_rsi_reversion,Aggressive,182,0.1813,0.6917,-2.2503,-0.007431,-0.79632,-398.16,-0.7972,-16.5552,0.9847,0.0,False,-79.6,1.23,-0.2508,-93.2,-93.9,98.0
SOLUSD,2h,bb_rsi_reversion,Intraday_Trailing,175,0.3029,0.7997,-1.5702,-0.005276,-0.688645,-344.32,-0.7098,-9.7999,0.954,0.0,False,-68.9,1.06,-0.1431,-89.8,-91.1,95.0
SOLUSD,2h,bb_rsi_reversion,Scale_Out_2R,168,0.2679,0.7917,-1.5928,-0.00578,-0.710904,-355.45,-0.7357,-9.7953,0.952,0.0,False,-71.1,1.05,-0.1654,-90.8,-92.3,95.0
SOLUSD,2h,vwap_cross,Scalping,252,0.3571,0.9754,-0.1735,-0.000294,-0.150687,-75.34,-0.4257,-0.6168,0.6613,0.0006,True,-15.1,0.67,0.3948,-58.4,-64.9,66.0
SOLUSD,2h,vwap_cross,Intraday,165,0.3758,0.921,-0.5899,-0.00186,-0.400102,-200.05,-0.6285,-3.4746,0.787,0.0002,True,-40.0,1.12,0.1454,-78.7,-82.5,79.0
SOLUSD,2h,vwap_cross,Aggressive,180,0.2833,0.9991,-0.0059,-1.8e-05,-0.187902,-93.95,-0.3971,0.031,0.6243,0.0011,True,-18.8,-0.13,0.3576,-71.2,-78.1,62.0
SOLUSD,2h,vwap_cross,Intraday_Trailing,165,0.3758,0.921,-0.5899,-0.00186,-0.400102,-200.05,-0.6285,-3.4746,0.787,0.0002,True,-40.0,1.12,0.1454,-78.7,-82.5,79.0
SOLUSD,2h,vwap_cross,Scale_Out_2R,157,0.3503,0.9404,-0.4331,-0.001469,-0.364555,-182.28,-0.577,-2.7721,0.7577,0.0003,True,-36.5,1.33,0.181,-79.1,-82.9,76.0
SOLUSD,2h,breakout,Scalping,260,0.3154,0.7995,-1.5981,-0.002386,-0.500055,-250.03,-0.6051,-9.9298,0.9713,0.0,True,-50.0,1.01,0.0455,-73.3,-75.6,97.0
SOLUSD,2h,breakout,Intraday,183,0.3443,0.8295,-1.3477,-0.003826,-0.587202,-293.6,-0.5964,-8.5362,0.924,0.0,False,-58.7,1.04,-0.0417,-84.6,-86.8,92.0
SOLUSD,2h,breakout,Aggressive,175,0.2914,1.0661,0.4233,0.001227,0.037239,18.62,-0.3235,2.2983,0.4787,0.0034,True,3.7,0.84,0.5828,-60.9,-70.7,48.0
SOLUSD,2h,breakout,Intraday_Trailing,183,0.3443,0.8295,-1.3477,-0.003826,-0.587202,-293.6,-0.5964,-8.5362,0.924,0.0,False,-58.7,1.04,-0.0417,-84.6,-86.8,92.0
SOLUSD,2h,breakout,Scale_Out_2R,175,0.3086,0.823,-1.3768,-0.004136,-0.601353,-300.68,-0.6361,-9.018,0.936,0.0,False,-60.1,1.0,-0.0558,-85.5,-88.0,94.0
SOLUSD,2h,price_action,Scalping,347,0.3516,1.0151,0.103,0.000185,-0.070844,-35.42,-0.4672,0.5801,0.547,0.0016,True,-7.1,0.59,0.4747,-59.3,-68.5,55.0
SOLUSD,2h,price_action,Intraday,207,0.3671,0.9633,-0.2597,-0.00089,-0.381746,-190.87,-0.6462,-1.8943,0.7353,0.0005,True,-38.2,-18.76,0.1638,-81.7,-86.7,74.0
SOLUSD,2h,price_action,Aggressive,200,0.275,1.03,0.1852,0.000645,-0.146102,-73.05,-0.6194,0.3018,0.5963,0.0019,True,-14.6,0.23,0.3994,-74.0,-81.2,60.0
SOLUSD,2h,price_action,Intraday_Trailing,207,0.3671,0.9633,-0.2597,-0.00089,-0.381746,-190.87,-0.6462,-1.8943,0.7353,0.0005,True,-38.2,-18.76,0.1638,-81.7,-86.7,74.0
SOLUSD,2h,price_action,Scale_Out_2R,191,0.3455,0.9938,-0.042,-0.000158,-0.299959,-149.98,-0.5544,-0.2284,0.674,0.001,True,-30.0,-0.39,0.2456,-81.3,-86.3,67.0
SOLUSD,2h,smc,Scalping,415,0.2916,0.7338,-2.1548,-0.003555,-0.801683,-400.84,-0.8044,-12.6386,0.999,0.0,False,-80.2,0.98,-0.2561,-91.7,-92.3,100.0
SOLUSD,2h,smc,Intraday,255,0.3686,0.939,-0.4391,-0.001476,-0.51824,-259.12,-0.6615,-2.2533,0.8023,0.0002,True,-51.8,1.1,0.0273,-88.3,-90.9,80.0
SOLUSD,2h,smc,Aggressive,263,0.2586,0.9332,-0.4518,-0.001445,-0.50599,-252.99,-0.702,-2.1993,0.8103,0.0002,True,-50.6,0.78,0.0395,-86.4,-89.5,81.0
SOLUSD,2h,smc,Intraday_Trailing,255,0.3686,0.939,-0.4391,-0.001476,-0.51824,-259.12,-0.6615,-2.2533,0.8023,0.0002,True,-51.8,1.1,0.0273,-88.3,-90.9,80.0
SOLUSD,2h,smc,Scale_Out_2R,238,0.3445,0.9594,-0.2918,-0.001024,-0.453627,-226.81,-0.653,-1.2708,0.7653,0.0004,True,-45.4,1.59,0.0919,-86.2,-90.0,77.0
SOLUSD,4h,ma_crossover,Scalping,377,0.321,0.8577,-1.106,-0.002375,-0.671233,-335.62,-0.7095,-6.8408,0.9553,0.0,False,-67.1,0.93,-0.1257,-89.0,-90.7,96.0
SOLUSD,4h,ma_crossover,Intraday,143,0.3357,0.7912,-1.6979,-0.007475,-0.757733,-378.87,-0.7938,-10.594,0.957,0.0,False,-75.8,0.92,-0.2122,-94.0,-95.1,96.0
SOLUSD,4h,ma_crossover,Aggressive,156,0.2436,0.8699,-0.9229,-0.003834,-0.602569,-301.28,-0.7069,-6.6982,0.8647,0.0001,False,-60.3,1.15,-0.057,-89.3,-91.4,86.0
SOLUSD,4h,ma_crossover,Intraday_Trailing,143,0.3357,0.7912,-1.6979,-0.007475,-0.757733,-378.87,-0.7938,-10.594,0.957,0.0,False,-75.8,0.92,-0.2122,-94.0,-95.1,96.0
SOLUSD,4h,ma_crossover,Scale_Out_2R,135,0.3185,0.841,-1.2399,-0.005848,-0.686883,-343.44,-0.7519,-7.659,0.9113,0.0,False,-68.7,0.98,-0.1413,-92.4,-93.6,91.0
SOLUSD,4h,mean_reversion,Scalping,133,0.3534,0.975,-0.1757,-0.000462,-0.160034,-80.02,-0.426,-1.9009,0.6557,0.0007,True,-16.0,3.51,0.3855,-61.7,-68.0,66.0
SOLUSD,4h,mean_reversion,Intraday,91,0.3626,0.8775,-0.9223,-0.004517,-0.493178,-246.59,-0.5388,-5.6351,0.8313,0.0002,True,-49.3,1.47,0.0524,-84.8,-87.6,83.0
SOLUSD,4h,mean_reversion,Aggressive,95,0.2737,0.9955,-0.0291,-0.000143,-0.24871,-124.36,-0.5353,-1.5962,0.652,0.001,True,-24.9,-13.19,0.2968,-76.7,-82.3,65.0
SOLUSD,4h,mean_reversion,Intraday_Trailing,91,0.3626,0.8775,-0.9223,-0.004517,-0.493178,-246.59,-0.5388,-5.6351,0.8313,0.0002,True,-49.3,1.47,0.0524,-84.8,-87.6,83.0
SOLUSD,4h,mean_reversion,Scale_Out_2R,83,0.3012,0.7423,-2.0717,-0.010635,-0.684647,-342.32,-0.6976,-14.1257,0.9387,0.0,False,-68.5,1.08,-0.1391,-90.0,-91.5,94.0
SOLUSD,4h,bb_rsi_reversion,Scalping,116,0.3362,1.0548,0.3672,0.001055,0.006439,3.22,-0.336,2.0378,0.4997,0.0024,True,0.6,0.73,0.552,-54.0,-61.9,50.0
SOLUSD,4h,bb_rsi_reversion,Intraday,84,0.3214,0.7629,-1.9642,-0.00943,-0.643939,-321.97,-0.7046,-12.6291,0.9323,0.0,False,-64.4,1.12,-0.0984,-88.6,-90.2,93.0
SOLUSD,4h,bb_rsi_reversion,Aggressive,88,0.2159,0.7316,-2.0817,-0.009327,-0.644674,-322.34,-0.6571,-13.1964,0.9423,0.0,False,-64.5,1.27,-0.0991,-87.1,-88.6,94.0
SOLUSD,4h,bb_rsi_reversion,Intraday_Trailing,84,0.3214,0.7629,-1.9642,-0.00943,-0.643939,-321.97,-0.7046,-12.6291,0.9323,0.0,False,-64.4,1.12,-0.0984,-88.6,-90.2,93.0
SOLUSD,4h,bb_rsi_reversion,Scale_Out_2R,77,0.2208,0.5311,-4.5336,-0.021164,-0.843147,-421.57,-0.8357,-28.7254,0.997,0.0,False,-84.3,1.15,-0.2976,-94.4,-94.6,100.0
SOLUSD,4h,vwap_cross,Scalping,134,0.3284,0.8891,-0.8311,-0.001943,-0.296094,-148.05,-0.4746,-5.2566,0.8023,0.0001,True,-29.6,1.45,0.2494,-65.7,-69.8,80.0
SOLUSD,4h,vwap_cross,Intraday,93,0.3548,0.9099,-0.6713,-0.003039,-0.404054,-202.03,-0.5755,-4.6789,0.7807,0.0003,True,-40.4,1.43,0.1415,-80.2,-83.6,78.0
SOLUSD,4h,vwap_cross,Aggressive,99,0.2222,0.7761,-1.6654,-0.007012,-0.596212,-298.11,-0.6759,-12.0666,0.917,0.0,False,-59.6,1.28,-0.0507,-85.5,-87.1,92.0
SOLUSD,4h,vwap_cross,Intraday_Trailing,93,0.3548,0.9099,-0.6713,-0.003039,-0.404054,-202.03,-0.5755,-4.6789,0.7807,0.0003,True,-40.4,1.43,0.1415,-80.2,-83.6,78.0
SOLUSD,4h,vwap_cross,Scale_Out_2R,89,0.3034,0.8228,-1.3628,-0.006487,-0.562027,-281.01,-0.6422,-8.9028,0.8753,0.0001,False,-56.2,1.2,-0.0165,-85.7,-88.2,88.0
SOLUSD,4h,breakout,Scalping,136,0.3309,0.8681,-1.0243,-0.002109,-0.301246,-150.62,-0.439,-7.5596,0.8307,0.0001,True,-30.1,1.03,0.2443,-62.6,-66.6,83.0
SOLUSD,4h,breakout,Intraday,97,0.3711,0.9808,-0.1401,-0.000554,-0.212981,-106.49,-0.5307,-2.4079,0.654,0.0008,True,-21.3,0.63,0.3326,-70.6,-76.4,65.0
SOLUSD,4h,breakout,Aggressive,97,0.2062,0.7171,-2.2027,-0.007849,-0.598429,-299.21,-0.6917,-19.1044,0.9557,0.0,False,-59.8,1.33,-0.0529,-83.5,-84.9,96.0
SOLUSD,4h,breakout,Intraday_Trailing,97,0.3711,0.9808,-0.1401,-0.000554,-0.212981,-106.49,-0.5307,-2.4079,0.654,0.0008,True,-21.3,0.63,0.3326,-70.6,-76.4,65.0
SOLUSD,4h,breakout,Scale_Out_2R,92,0.3152,0.8617,-1.058,-0.00438,-0.448926,-224.46,-0.5851,-8.71,0.8313,0.0001,True,-44.9,1.1,0.0966,-79.8,-83.1,83.0
SOLUSD,4h,price_action,Scalping,163,0.3374,0.9654,-0.2401,-0.000595,-0.196979,-98.49,-0.406,-1.959,0.6697,0.0006,True,-19.7,1.58,0.3486,-63.0,-69.4,67.0
SOLUSD,4h,price_action,Intraday,109,0.3211,0.7744,-1.8332,-0.007835,-0.668358,-334.18,-0.6984,-11.2605,0.943,0.0,False,-66.8,0.94,-0.1228,-88.9,-90.7,94.0
SOLUSD,4h,price_action,Aggressive,110,0.2273,0.8248,-1.2552,-0.005205,-0.550504,-275.25,-0.6363,-8.9496,0.8793,0.0001,False,-55.1,1.34,-0.005,-84.5,-87.0,88.0
SOLUSD,4h,price_action,Intraday_Trailing,109,0.3211,0.7744,-1.8332,-0.007835,-0.668358,-334.18,-0.6984,-11.2605,0.943,0.0,False,-66.8,0.94,-0.1228,-88.9,-90.7,94.0
SOLUSD,4h,price_action,Scale_Out_2R,105,0.2952,0.7932,-1.6275,-0.007462,-0.652334,-326.17,-0.7199,-10.5603,0.9217,0.0,False,-65.2,1.25,-0.1068,-89.7,-91.2,92.0
SOLUSD,4h,smc,Scalping,196,0.3827,1.0619,0.4287,0.001032,0.064369,32.18,-0.5285,1.8474,0.4497,0.0036,True,6.4,0.93,0.6099,-55.1,-66.6,45.0
SOLUSD,4h,smc,Intraday,124,0.3871,1.0129,0.0931,0.000435,-0.243603,-121.8,-0.5643,0.4143,0.6467,0.0013,True,-24.4,2.54,0.3019,-79.3,-85.4,65.0
SOLUSD,4h,smc,Aggressive,123,0.2846,1.1534,0.9371,0.004435,0.243621,121.81,-0.5046,4.2281,0.396,0.0084,True,24.4,0.77,0.7892,-65.1,-77.4,40.0
SOLUSD,4h,smc,Intraday_Trailing,124,0.3871,1.0129,0.0931,0.000435,-0.243603,-121.8,-0.5643,0.4143,0.6467,0.0013,True,-24.4,2.54,0.3019,-79.3,-85.4,65.0
SOLUSD,4h,smc,Scale_Out_2R,112,0.3661,1.0876,0.5982,0.003099,-0.018013,-9.01,-0.4922,3.3508,0.5123,0.0039,True,-1.8,0.86,0.5275,-75.3,-83.3,51.0
