underlying,lens,trail_period,trail_mult,time_stop,breakeven_r,trades,win_rate,ret_pct,profit_factor,sharpe,max_dd,is_ret,is_pf,oos_ret,oos_trades,oos_pf
NIFTY 50,delta1,10,0.75,off,off,559,39.5,62.22,1.3,1.315,7.87,48.81,1.328,12.19,164,1.209
NIFTY 50,delta1,10,0.75,off,1.0,559,39.4,62.95,1.306,1.333,7.85,50.35,1.342,11.39,164,1.196
NIFTY 50,delta1,10,0.75,48,off,559,39.5,65.41,1.315,1.359,7.87,50.63,1.34,13.56,164,1.232
NIFTY 50,delta1,10,0.75,48,1.0,559,39.4,66.14,1.321,1.376,7.85,52.17,1.354,12.75,164,1.219
NIFTY 50,delta1,10,1.0,off,off,546,39.9,68.13,1.293,1.327,11.5,62.29,1.369,5.09,158,1.08
NIFTY 50,delta1,10,1.0,off,1.0,546,39.6,66.59,1.286,1.305,11.49,62.36,1.37,3.48,158,1.055
NIFTY 50,delta1,10,1.0,48,off,547,39.9,70.62,1.303,1.367,11.38,64.1,1.38,5.77,159,1.09
NIFTY 50,delta1,10,1.0,48,1.0,547,39.5,69.08,1.296,1.345,11.38,64.17,1.381,4.17,159,1.065
NIFTY 50,delta1,10,1.5,off,off,466,37.3,40.74,1.173,0.918,14.0,45.41,1.272,-5.54,138,0.919
NIFTY 50,delta1,10,1.5,off,1.0,468,36.8,44.46,1.192,0.993,13.07,47.37,1.287,-3.78,138,0.943
NIFTY 50,delta1,10,1.5,48,off,471,37.8,33.8,1.143,0.797,14.75,38.24,1.227,-5.31,138,0.922
NIFTY 50,delta1,10,1.5,48,1.0,473,37.0,37.15,1.159,0.865,13.8,39.83,1.239,-3.55,138,0.947
NIFTY 50,delta1,10,2.0,off,off,374,37.2,39.94,1.181,1.046,12.6,40.4,1.262,-2.44,113,0.964
NIFTY 50,delta1,10,2.0,off,1.0,375,37.1,40.17,1.182,1.048,12.61,40.47,1.263,-2.28,113,0.966
NIFTY 50,delta1,10,2.0,48,off,396,37.6,33.17,1.141,0.878,12.26,35.92,1.219,-4.74,120,0.934
NIFTY 50,delta1,10,2.0,48,1.0,398,37.4,31.23,1.132,0.824,12.49,33.82,1.204,-4.57,120,0.936
NIFTY 50,delta1,14,0.75,off,off,558,39.4,65.2,1.314,1.347,9.11,49.79,1.332,14.19,164,1.246
NIFTY 50,delta1,14,0.75,off,1.0,558,39.2,66.09,1.321,1.365,8.91,51.16,1.345,13.71,164,1.24
NIFTY 50,delta1,14,0.75,48,off,558,39.4,68.39,1.329,1.389,9.11,51.61,1.345,15.56,164,1.27
NIFTY 50,delta1,14,0.75,48,1.0,558,39.2,69.28,1.337,1.407,8.91,52.98,1.357,15.08,164,1.264
NIFTY 50,delta1,14,1.0,off,off,548,40.0,73.95,1.316,1.409,11.52,65.25,1.383,7.95,159,1.126
NIFTY 50,delta1,14,1.0,off,1.0,548,39.8,73.78,1.317,1.407,11.52,66.33,1.392,6.71,159,1.107
NIFTY 50,delta1,14,1.0,48,off,549,39.9,76.01,1.325,1.44,11.45,66.63,1.391,8.63,160,1.137
NIFTY 50,delta1,14,1.0,48,1.0,549,39.7,75.85,1.326,1.439,11.45,67.71,1.4,7.39,160,1.117
NIFTY 50,delta1,14,1.5,off,off,467,38.5,49.85,1.214,1.053,12.79,45.88,1.269,3.09,136,1.05
NIFTY 50,delta1,14,1.5,off,1.0,468,38.2,53.21,1.232,1.118,11.91,48.22,1.286,4.12,136,1.068
NIFTY 50,delta1,14,1.5,48,off,474,39.0,42.81,1.181,0.934,13.33,39.33,1.228,2.61,138,1.041
NIFTY 50,delta1,14,1.5,48,1.0,475,38.5,45.8,1.196,0.992,12.14,41.29,1.243,3.64,138,1.058
NIFTY 50,delta1,14,2.0,off,off,366,38.8,68.92,1.33,1.664,9.76,67.61,1.468,-0.67,111,0.99
NIFTY 50,delta1,14,2.0,off,1.0,367,38.7,68.58,1.328,1.652,9.79,67.27,1.464,-0.67,111,0.99
NIFTY 50,delta1,14,2.0,48,off,389,39.3,59.07,1.263,1.434,11.01,60.74,1.389,-3.66,118,0.947
NIFTY 50,delta1,14,2.0,48,1.0,391,39.1,56.56,1.249,1.361,11.17,58.23,1.367,-3.66,118,0.947
NIFTY 50,delta1,21,0.75,off,off,558,41.0,72.85,1.354,1.462,8.87,54.48,1.364,17.15,164,1.308
NIFTY 50,delta1,21,0.75,off,1.0,558,40.9,73.71,1.362,1.48,8.85,55.85,1.376,16.64,164,1.302
NIFTY 50,delta1,21,0.75,48,off,558,41.0,75.85,1.368,1.499,8.87,56.3,1.376,18.33,164,1.329
NIFTY 50,delta1,21,0.75,48,1.0,558,40.9,76.71,1.376,1.517,8.85,57.67,1.389,17.82,164,1.324
NIFTY 50,delta1,21,1.0,off,off,553,39.6,70.34,1.298,1.352,11.69,62.44,1.365,7.15,161,1.111
NIFTY 50,delta1,21,1.0,off,1.0,553,39.2,69.57,1.296,1.341,11.69,62.37,1.365,6.45,161,1.101
NIFTY 50,delta1,21,1.0,48,off,554,39.5,72.77,1.308,1.389,11.63,64.19,1.376,7.83,162,1.121
NIFTY 50,delta1,21,1.0,48,1.0,554,39.2,72.01,1.306,1.378,11.63,64.12,1.375,7.14,162,1.111
NIFTY 50,delta1,21,1.5,off,off,466,38.2,55.96,1.246,1.19,11.43,53.06,1.319,2.44,136,1.04
NIFTY 50,delta1,21,1.5,off,1.0,468,37.8,58.63,1.261,1.245,11.24,54.79,1.333,3.38,136,1.056
NIFTY 50,delta1,21,1.5,48,off,473,38.7,48.09,1.208,1.057,11.62,45.57,1.271,2.04,138,1.032
NIFTY 50,delta1,21,1.5,48,1.0,475,38.1,50.39,1.22,1.104,11.46,46.93,1.282,2.98,138,1.048
NIFTY 50,delta1,21,2.0,off,off,355,38.3,54.56,1.264,1.408,11.11,55.86,1.386,-0.57,106,0.991
NIFTY 50,delta1,21,2.0,off,1.0,355,38.3,55.47,1.27,1.427,11.11,56.29,1.39,-0.08,106,0.999
NIFTY 50,delta1,21,2.0,48,off,381,38.6,43.42,1.19,1.118,11.57,47.12,1.291,-2.98,113,0.955
NIFTY 50,delta1,21,2.0,48,1.0,381,38.6,44.34,1.195,1.137,11.24,47.55,1.294,-2.49,113,0.962
NIFTY BANK,delta1,10,0.75,off,off,558,39.6,59.3,1.204,1.039,11.12,58.37,1.274,-0.18,166,0.998
NIFTY BANK,delta1,10,0.75,off,1.0,558,38.9,58.75,1.203,1.031,11.31,57.63,1.272,0.01,166,1.0
NIFTY BANK,delta1,10,0.75,48,off,558,39.6,56.49,1.194,1.002,11.33,55.43,1.26,-0.04,166,1.0
NIFTY BANK,delta1,10,0.75,48,1.0,558,38.9,55.95,1.193,0.994,11.53,54.69,1.259,0.15,166,1.002
NIFTY BANK,delta1,10,1.0,off,off,547,40.0,74.92,1.236,1.11,16.3,80.76,1.347,-6.86,164,0.919
NIFTY BANK,delta1,10,1.0,off,1.0,547,39.7,76.63,1.243,1.132,16.23,82.57,1.357,-6.97,164,0.918
NIFTY BANK,delta1,10,1.0,48,off,547,40.0,72.48,1.229,1.081,16.72,78.45,1.337,-7.0,164,0.917
NIFTY BANK,delta1,10,1.0,48,1.0,547,39.7,74.18,1.235,1.102,16.65,80.25,1.347,-7.1,164,0.916
NIFTY BANK,delta1,10,1.5,off,off,455,39.1,71.71,1.247,1.2,11.9,76.64,1.364,-6.53,139,0.919
NIFTY BANK,delta1,10,1.5,off,1.0,455,38.5,73.67,1.26,1.234,11.81,78.42,1.383,-6.34,139,0.921
NIFTY BANK,delta1,10,1.5,48,off,460,38.9,70.22,1.241,1.18,10.98,76.35,1.361,-7.75,140,0.904
NIFTY BANK,delta1,10,1.5,48,1.0,460,38.3,72.19,1.253,1.215,10.98,78.14,1.381,-7.56,140,0.906
NIFTY BANK,delta1,10,2.0,off,off,351,39.9,69.52,1.251,1.238,13.92,78.78,1.403,-10.59,111,0.872
NIFTY BANK,delta1,10,2.0,off,1.0,354,39.5,63.19,1.223,1.137,13.99,74.27,1.371,-12.41,112,0.853
NIFTY BANK,delta1,10,2.0,48,off,372,40.3,63.62,1.223,1.206,14.0,72.79,1.363,-10.54,116,0.877
NIFTY BANK,delta1,10,2.0,48,1.0,375,40.0,57.78,1.198,1.102,14.06,68.78,1.337,-12.36,117,0.859
NIFTY BANK,delta1,14,0.75,off,off,558,39.2,58.82,1.203,1.031,11.11,58.49,1.275,-0.77,166,0.99
NIFTY BANK,delta1,14,0.75,off,1.0,558,38.5,58.27,1.202,1.023,11.31,57.75,1.274,-0.58,166,0.992
NIFTY BANK,delta1,14,0.75,48,off,558,39.2,56.01,1.193,0.994,11.32,55.55,1.261,-0.64,166,0.992
NIFTY BANK,delta1,14,0.75,48,1.0,558,38.5,55.47,1.192,0.986,11.53,54.81,1.26,-0.44,166,0.994
NIFTY BANK,delta1,14,1.0,off,off,550,41.3,87.33,1.279,1.259,15.83,85.88,1.374,0.41,163,1.005
NIFTY BANK,delta1,14,1.0,off,1.0,551,40.8,83.82,1.269,1.224,15.9,86.27,1.378,-3.47,164,0.958
NIFTY BANK,delta1,14,1.0,48,off,550,41.3,83.01,1.266,1.219,16.12,84.37,1.368,-2.39,163,0.971
NIFTY BANK,delta1,14,1.0,48,1.0,551,40.8,82.13,1.264,1.207,16.19,84.75,1.372,-3.65,164,0.956
NIFTY BANK,delta1,14,1.5,off,off,456,39.0,67.55,1.229,1.118,11.53,70.72,1.325,-4.78,137,0.939
NIFTY BANK,delta1,14,1.5,off,1.0,456,38.2,70.84,1.246,1.179,11.27,73.83,1.351,-4.59,137,0.942
NIFTY BANK,delta1,14,1.5,48,off,462,39.0,66.47,1.224,1.102,11.34,70.63,1.324,-5.79,139,0.928
NIFTY BANK,delta1,14,1.5,48,1.0,462,38.1,69.76,1.241,1.163,11.19,73.74,1.35,-5.61,139,0.93
NIFTY BANK,delta1,14,2.0,off,off,338,41.4,89.56,1.345,1.599,10.45,93.82,1.51,-5.59,107,0.927
NIFTY BANK,delta1,14,2.0,off,1.0,339,41.3,85.5,1.325,1.525,10.45,89.76,1.477,-5.59,107,0.927
NIFTY BANK,delta1,14,2.0,48,off,363,41.3,80.78,1.299,1.557,9.79,85.13,1.449,-5.71,114,0.93
NIFTY BANK,delta1,14,2.0,48,1.0,364,41.2,77.21,1.282,1.481,9.79,81.56,1.423,-5.71,114,0.93
NIFTY BANK,delta1,21,0.75,off,off,558,39.1,56.66,1.196,0.998,10.74,56.17,1.265,-0.62,166,0.992
NIFTY BANK,delta1,21,0.75,off,1.0,558,38.5,58.12,1.202,1.016,10.78,57.56,1.273,-0.55,166,0.993
NIFTY BANK,delta1,21,0.75,48,off,558,39.1,54.65,1.189,0.97,10.89,54.03,1.255,-0.48,166,0.994
NIFTY BANK,delta1,21,0.75,48,1.0,558,38.5,56.11,1.195,0.989,10.93,55.42,1.263,-0.41,166,0.995
NIFTY BANK,delta1,21,1.0,off,off,556,41.0,84.08,1.263,1.229,12.88,86.31,1.368,-3.26,166,0.962
NIFTY BANK,delta1,21,1.0,off,1.0,556,40.5,81.98,1.257,1.202,13.17,86.35,1.369,-5.39,166,0.937
NIFTY BANK,delta1,21,1.0,48,off,556,41.0,82.26,1.257,1.21,13.12,84.67,1.361,-3.43,166,0.96
NIFTY BANK,delta1,21,1.0,48,1.0,556,40.5,80.17,1.251,1.183,13.55,84.71,1.362,-5.57,166,0.935
NIFTY BANK,delta1,21,1.5,off,off,456,38.6,59.06,1.199,0.993,12.28,61.48,1.28,-4.03,138,0.949
NIFTY BANK,delta1,21,1.5,off,1.0,456,38.4,68.45,1.238,1.129,12.12,69.65,1.329,-2.81,138,0.964
NIFTY BANK,delta1,21,1.5,48,off,463,39.1,62.28,1.208,1.025,12.49,65.55,1.298,-4.9,140,0.939
NIFTY BANK,delta1,21,1.5,48,1.0,463,38.9,71.67,1.247,1.16,12.32,73.72,1.348,-3.68,140,0.953
NIFTY BANK,delta1,21,2.0,off,off,336,40.2,83.13,1.313,1.426,19.23,89.32,1.469,-7.7,107,0.899
NIFTY BANK,delta1,21,2.0,off,1.0,338,39.9,78.31,1.29,1.349,19.23,86.23,1.446,-9.43,108,0.879
NIFTY BANK,delta1,21,2.0,48,off,364,40.7,71.53,1.258,1.344,19.03,79.14,1.401,-9.15,114,0.887
NIFTY BANK,delta1,21,2.0,48,1.0,366,40.4,66.98,1.238,1.262,19.03,76.32,1.382,-10.88,115,0.868
NIFTY FIN SERVICE,delta1,10,0.75,off,off,562,40.0,71.76,1.261,1.264,13.25,58.64,1.284,11.98,164,1.175
NIFTY FIN SERVICE,delta1,10,0.75,off,1.0,562,40.0,72.14,1.263,1.269,13.25,58.81,1.285,12.19,164,1.179
NIFTY FIN SERVICE,delta1,10,0.75,48,off,562,40.0,73.36,1.267,1.281,13.23,59.82,1.289,11.61,164,1.17
NIFTY FIN SERVICE,delta1,10,0.75,48,1.0,562,40.0,73.73,1.268,1.286,13.23,59.99,1.29,11.82,164,1.173
NIFTY FIN SERVICE,delta1,10,1.0,off,off,546,39.0,68.97,1.23,1.119,18.5,58.47,1.26,9.54,157,1.128
NIFTY FIN SERVICE,delta1,10,1.0,off,1.0,546,39.0,69.96,1.234,1.131,18.5,58.99,1.263,10.01,157,1.135
NIFTY FIN SERVICE,delta1,10,1.0,48,off,547,39.1,67.45,1.225,1.094,18.86,56.54,1.251,9.17,157,1.123
NIFTY FIN SERVICE,delta1,10,1.0,48,1.0,547,39.1,68.44,1.229,1.106,18.86,57.06,1.254,9.64,157,1.13
NIFTY FIN SERVICE,delta1,10,1.5,off,off,454,38.8,87.52,1.313,1.394,14.41,82.37,1.406,3.58,133,1.047
NIFTY FIN SERVICE,delta1,10,1.5,off,1.0,454,38.3,90.39,1.335,1.453,14.36,83.97,1.431,4.85,133,1.064
NIFTY FIN SERVICE,delta1,10,1.5,48,off,460,38.7,90.14,1.321,1.433,14.17,85.65,1.42,2.12,134,1.027
NIFTY FIN SERVICE,delta1,10,1.5,48,1.0,460,38.3,92.08,1.339,1.482,14.11,86.32,1.441,3.39,134,1.044
NIFTY FIN SERVICE,delta1,10,2.0,off,off,367,35.4,48.12,1.171,0.966,24.09,63.65,1.329,-17.11,113,0.809
NIFTY FIN SERVICE,delta1,10,2.0,off,1.0,370,35.1,45.41,1.159,0.912,24.09,60.58,1.308,-16.74,113,0.812
NIFTY FIN SERVICE,delta1,10,2.0,48,off,387,36.4,46.0,1.158,0.946,24.85,60.58,1.301,-16.95,115,0.814
NIFTY FIN SERVICE,delta1,10,2.0,48,1.0,390,36.2,43.3,1.147,0.89,24.85,57.51,1.282,-16.59,115,0.817
NIFTY FIN SERVICE,delta1,14,0.75,off,off,562,40.9,72.25,1.266,1.28,13.2,60.7,1.298,10.54,164,1.156
NIFTY FIN SERVICE,delta1,14,0.75,off,1.0,562,40.9,72.63,1.268,1.285,13.2,60.87,1.299,10.75,164,1.159
NIFTY FIN SERVICE,delta1,14,0.75,48,off,562,40.9,73.72,1.272,1.296,13.19,61.87,1.304,10.06,164,1.149
NIFTY FIN SERVICE,delta1,14,0.75,48,1.0,562,40.9,74.09,1.273,1.301,13.19,62.04,1.305,10.26,164,1.152
NIFTY FIN SERVICE,delta1,14,1.0,off,off,553,38.7,60.91,1.199,1.002,18.78,54.96,1.241,4.99,162,1.065
NIFTY FIN SERVICE,delta1,14,1.0,off,1.0,553,38.7,61.88,1.203,1.014,18.78,55.49,1.244,5.43,162,1.071
NIFTY FIN SERVICE,delta1,14,1.0,48,off,554,38.6,58.98,1.193,0.973,19.15,52.8,1.231,4.44,162,1.058
NIFTY FIN SERVICE,delta1,14,1.0,48,1.0,554,38.6,59.95,1.197,0.985,19.15,53.33,1.234,4.88,162,1.064
NIFTY FIN SERVICE,delta1,14,1.5,off,off,452,38.5,82.23,1.293,1.321,15.24,76.85,1.374,3.81,133,1.05
NIFTY FIN SERVICE,delta1,14,1.5,off,1.0,453,38.0,83.97,1.308,1.362,15.17,77.57,1.391,4.83,134,1.064
NIFTY FIN SERVICE,delta1,14,1.5,48,off,459,38.6,84.63,1.299,1.359,14.98,79.91,1.387,2.35,134,1.03
NIFTY FIN SERVICE,delta1,14,1.5,48,1.0,460,38.0,85.44,1.31,1.391,14.92,79.7,1.399,3.38,135,1.044
NIFTY FIN SERVICE,delta1,14,2.0,off,off,355,35.2,56.77,1.202,1.084,24.81,75.18,1.39,-19.99,112,0.777
NIFTY FIN SERVICE,delta1,14,2.0,off,1.0,357,35.0,53.34,1.187,1.023,27.23,71.27,1.363,-19.51,112,0.781
NIFTY FIN SERVICE,delta1,14,2.0,48,off,377,36.3,54.4,1.187,1.076,25.55,70.16,1.349,-18.14,114,0.801
NIFTY FIN SERVICE,delta1,14,2.0,48,1.0,379,36.1,50.96,1.173,1.01,28.04,66.24,1.324,-17.66,114,0.806
NIFTY FIN SERVICE,delta1,21,0.75,off,off,562,40.7,78.93,1.292,1.352,13.27,66.45,1.328,11.47,164,1.171
NIFTY FIN SERVICE,delta1,21,0.75,off,1.0,562,40.7,79.16,1.293,1.355,13.27,66.47,1.328,11.68,164,1.174
NIFTY FIN SERVICE,delta1,21,0.75,48,off,562,40.7,80.4,1.298,1.367,13.26,67.63,1.333,10.98,164,1.163
NIFTY FIN SERVICE,delta1,21,0.75,48,1.0,562,40.7,80.62,1.299,1.37,13.26,67.65,1.334,11.19,164,1.167
NIFTY FIN SERVICE,delta1,21,1.0,off,off,559,39.4,71.38,1.235,1.145,19.33,64.89,1.285,4.88,163,1.064
NIFTY FIN SERVICE,delta1,21,1.0,off,1.0,559,39.4,72.34,1.239,1.156,19.33,65.42,1.288,5.31,163,1.07
NIFTY FIN SERVICE,delta1,21,1.0,48,off,559,39.4,71.23,1.235,1.136,19.71,64.52,1.284,4.33,163,1.057
NIFTY FIN SERVICE,delta1,21,1.0,48,1.0,559,39.4,72.2,1.239,1.148,19.71,65.05,1.287,4.76,163,1.063
NIFTY FIN SERVICE,delta1,21,1.5,off,off,447,37.8,91.44,1.323,1.439,15.09,86.3,1.417,3.57,132,1.047
NIFTY FIN SERVICE,delta1,21,1.5,off,1.0,449,37.0,92.34,1.336,1.472,15.03,87.01,1.435,3.76,133,1.05
NIFTY FIN SERVICE,delta1,21,1.5,48,off,457,38.1,90.64,1.317,1.437,14.83,87.25,1.418,1.02,134,1.013
NIFTY FIN SERVICE,delta1,21,1.5,48,1.0,459,37.3,92.58,1.333,1.479,14.77,87.03,1.431,3.18,135,1.041
NIFTY FIN SERVICE,delta1,21,2.0,off,off,351,35.0,52.6,1.185,1.005,28.78,67.14,1.338,-16.16,110,0.812
NIFTY FIN SERVICE,delta1,21,2.0,off,1.0,352,34.7,52.98,1.188,1.012,27.96,67.04,1.341,-15.68,110,0.817
NIFTY FIN SERVICE,delta1,21,2.0,48,off,376,35.9,45.87,1.155,0.925,29.64,59.14,1.284,-15.65,113,0.823
NIFTY FIN SERVICE,delta1,21,2.0,48,1.0,377,35.5,46.25,1.158,0.933,28.79,59.05,1.286,-15.17,113,0.827
SENSEX,delta1,10,0.75,off,off,557,37.9,61.78,1.277,1.245,10.29,48.23,1.295,13.6,161,1.232
SENSEX,delta1,10,0.75,off,1.0,557,37.5,60.2,1.271,1.223,10.09,47.87,1.294,12.39,161,1.212
SENSEX,delta1,10,0.75,48,off,557,37.9,64.43,1.289,1.278,10.29,50.45,1.308,14.03,161,1.24
SENSEX,delta1,10,0.75,48,1.0,557,37.5,62.85,1.283,1.256,10.09,50.09,1.308,12.82,161,1.219
SENSEX,delta1,10,1.0,off,off,542,37.1,56.66,1.231,1.127,13.34,47.53,1.262,9.72,156,1.153
SENSEX,delta1,10,1.0,off,1.0,543,36.5,58.22,1.239,1.147,13.42,47.98,1.267,10.84,157,1.171
SENSEX,delta1,10,1.0,48,off,543,37.0,58.59,1.238,1.156,13.34,49.03,1.271,10.16,157,1.159
SENSEX,delta1,10,1.0,48,1.0,544,36.4,60.16,1.247,1.175,13.41,49.48,1.276,11.28,158,1.178
SENSEX,delta1,10,1.5,off,off,464,37.7,26.37,1.109,0.664,16.88,39.02,1.229,-12.05,138,0.831
SENSEX,delta1,10,1.5,off,1.0,465,37.4,26.57,1.111,0.674,16.86,38.52,1.229,-11.35,138,0.839
SENSEX,delta1,10,1.5,48,off,470,38.1,27.31,1.111,0.68,16.4,39.21,1.228,-11.31,139,0.844
SENSEX,delta1,10,1.5,48,1.0,471,37.6,26.4,1.109,0.668,16.5,37.6,1.221,-10.61,139,0.852
SENSEX,delta1,10,2.0,off,off,368,36.7,27.72,1.121,0.769,14.98,28.54,1.177,-1.53,110,0.977
SENSEX,delta1,10,2.0,off,1.0,372,35.8,27.57,1.122,0.761,15.01,26.75,1.167,0.1,110,1.002
SENSEX,delta1,10,2.0,48,off,387,37.0,24.28,1.1,0.676,14.43,25.1,1.146,-1.53,115,0.978
SENSEX,delta1,10,2.0,48,1.0,392,36.0,20.78,1.086,0.591,14.78,19.96,1.115,0.11,115,1.002
SENSEX,delta1,14,0.75,off,off,555,38.0,55.22,1.246,1.141,10.43,43.24,1.263,12.03,160,1.202
SENSEX,delta1,14,0.75,off,1.0,555,37.7,53.82,1.241,1.12,10.32,42.87,1.263,11.0,160,1.185
SENSEX,delta1,14,0.75,48,off,555,38.0,57.88,1.258,1.176,10.43,45.46,1.277,12.47,160,1.21
SENSEX,delta1,14,0.75,48,1.0,555,37.7,56.48,1.253,1.156,10.32,45.09,1.276,11.44,160,1.193
SENSEX,delta1,14,1.0,off,off,545,38.0,61.27,1.251,1.185,13.58,52.38,1.292,9.48,157,1.15
SENSEX,delta1,14,1.0,off,1.0,546,37.4,62.72,1.259,1.202,13.66,52.76,1.297,10.56,158,1.168
SENSEX,delta1,14,1.0,48,off,546,37.9,64.07,1.262,1.225,13.58,53.88,1.3,10.79,158,1.169
SENSEX,delta1,14,1.0,48,1.0,547,37.3,65.53,1.271,1.241,13.65,54.26,1.305,11.87,159,1.187
SENSEX,delta1,14,1.5,off,off,467,37.5,29.25,1.121,0.699,15.0,36.34,1.207,-6.49,137,0.902
SENSEX,delta1,14,1.5,off,1.0,469,36.7,30.47,1.128,0.728,14.98,37.39,1.218,-6.33,138,0.904
SENSEX,delta1,14,1.5,48,off,473,37.8,28.05,1.114,0.676,15.02,35.04,1.197,-6.39,138,0.905
SENSEX,delta1,14,1.5,48,1.0,475,36.8,28.16,1.117,0.684,14.81,34.98,1.201,-6.22,139,0.907
SENSEX,delta1,14,2.0,off,off,361,37.4,37.84,1.17,1.005,14.03,36.48,1.231,0.69,108,1.011
SENSEX,delta1,14,2.0,off,1.0,361,37.4,38.55,1.174,1.02,14.03,37.2,1.236,0.69,108,1.011
SENSEX,delta1,14,2.0,48,off,385,37.1,29.96,1.124,0.801,13.47,31.58,1.182,-2.28,114,0.967
SENSEX,delta1,14,2.0,48,1.0,385,37.1,30.67,1.127,0.816,13.47,32.29,1.187,-2.28,114,0.967
SENSEX,delta1,21,0.75,off,off,555,38.2,55.84,1.252,1.151,10.91,44.3,1.271,11.11,160,1.192
SENSEX,delta1,21,0.75,off,1.0,555,37.8,54.1,1.246,1.125,10.71,43.38,1.267,10.29,160,1.179
SENSEX,delta1,21,0.75,48,off,555,38.2,59.34,1.268,1.196,10.91,46.52,1.285,12.39,160,1.215
SENSEX,delta1,21,0.75,48,1.0,555,37.8,57.61,1.262,1.17,10.71,45.6,1.281,11.57,160,1.202
SENSEX,delta1,21,1.0,off,off,550,37.8,58.79,1.24,1.144,13.71,52.03,1.291,7.3,159,1.112
SENSEX,delta1,21,1.0,off,1.0,550,37.5,56.97,1.233,1.113,13.78,51.39,1.288,6.11,159,1.094
SENSEX,delta1,21,1.0,48,off,551,37.7,62.21,1.254,1.194,13.68,54.13,1.303,8.61,160,1.131
SENSEX,delta1,21,1.0,48,1.0,551,37.4,60.38,1.246,1.163,13.76,53.5,1.299,7.42,160,1.113
SENSEX,delta1,21,1.5,off,off,463,38.4,43.95,1.189,0.985,13.06,46.02,1.271,-1.47,135,0.976
SENSEX,delta1,21,1.5,off,1.0,465,37.6,43.11,1.188,0.979,12.87,44.56,1.266,-0.86,135,0.986
SENSEX,delta1,21,1.5,48,off,470,38.7,44.69,1.189,0.993,13.06,47.7,1.278,-2.42,137,0.963
SENSEX,delta1,21,1.5,48,1.0,472,37.7,42.73,1.182,0.967,12.9,45.13,1.267,-1.81,137,0.972
SENSEX,delta1,21,2.0,off,off,359,36.8,28.04,1.126,0.772,15.65,33.57,1.213,-4.47,107,0.93
SENSEX,delta1,21,2.0,off,1.0,359,36.5,22.4,1.1,0.656,15.65,28.93,1.184,-5.47,107,0.916
SENSEX,delta1,21,2.0,48,off,381,36.5,16.49,1.068,0.51,15.76,24.96,1.146,-7.41,112,0.894
SENSEX,delta1,21,2.0,48,1.0,381,36.2,13.41,1.056,0.443,16.12,21.39,1.125,-6.93,112,0.9
NIFTY 50,options,10,0.75,off,off,559,30.4,19.33,1.018,0.435,59.05,48.35,1.073,-34.1,164,0.917
NIFTY 50,options,10,0.75,off,1.0,559,30.2,22.26,1.021,0.445,56.89,55.22,1.084,-38.04,164,0.907
NIFTY 50,options,10,0.75,48,off,559,30.4,48.72,1.045,0.554,55.7,62.94,1.095,-19.3,164,0.953
NIFTY 50,options,10,0.75,48,1.0,559,30.2,51.65,1.048,0.564,53.65,69.81,1.107,-23.24,164,0.943
NIFTY 50,options,10,1.0,off,off,546,30.0,47.57,1.041,0.559,49.41,131.32,1.181,-85.85,158,0.806
NIFTY 50,options,10,1.0,off,1.0,546,29.9,41.11,1.035,0.534,51.61,131.64,1.182,-92.63,158,0.791
NIFTY 50,options,10,1.0,48,off,547,30.0,74.24,1.063,0.658,45.28,144.32,1.199,-72.18,159,0.837
NIFTY 50,options,10,1.0,48,1.0,547,29.8,67.78,1.058,0.636,46.19,144.64,1.2,-78.96,159,0.823
NIFTY 50,options,10,1.5,off,off,466,28.3,-69.94,0.941,-0.113,89.47,75.33,1.104,-147.51,138,0.682
NIFTY 50,options,10,1.5,off,1.0,468,28.2,-52.86,0.955,0.026,83.13,81.73,1.114,-136.84,138,0.698
NIFTY 50,options,10,1.5,48,off,471,28.9,-101.75,0.915,-0.879,101.67,29.92,1.041,-134.39,138,0.71
NIFTY 50,options,10,1.5,48,1.0,473,28.5,-85.59,0.927,-0.256,94.92,35.41,1.049,-123.72,138,0.727
NIFTY 50,options,10,2.0,off,off,374,29.4,-66.85,0.941,0.042,85.28,42.52,1.062,-115.14,113,0.75
NIFTY 50,options,10,2.0,off,1.0,375,29.3,-64.13,0.943,0.059,84.14,44.08,1.065,-113.97,113,0.752
NIFTY 50,options,10,2.0,48,off,396,30.6,-102.57,0.914,-0.771,101.21,22.9,1.032,-132.61,120,0.723
NIFTY 50,options,10,2.0,48,1.0,398,30.4,-104.19,0.913,-0.856,102.01,20.11,1.028,-131.44,120,0.725
NIFTY 50,options,14,0.75,off,off,558,31.0,40.92,1.038,0.525,55.24,56.26,1.085,-20.42,164,0.95
NIFTY 50,options,14,0.75,off,1.0,558,30.8,44.94,1.042,0.539,53.22,62.54,1.095,-22.69,164,0.944
NIFTY 50,options,14,0.75,48,off,558,31.0,70.31,1.065,0.623,53.28,70.85,1.107,-5.62,164,0.986
NIFTY 50,options,14,0.75,48,1.0,558,30.8,74.33,1.07,0.636,52.45,77.13,1.117,-7.88,164,0.98
NIFTY 50,options,14,1.0,off,off,548,30.5,64.76,1.055,0.617,48.46,136.48,1.184,-73.83,159,0.832
NIFTY 50,options,14,1.0,off,1.0,548,30.3,63.29,1.054,0.612,48.9,141.05,1.192,-79.86,159,0.819
NIFTY 50,options,14,1.0,48,off,549,30.4,89.62,1.076,0.701,45.31,147.67,1.199,-60.16,160,0.864
NIFTY 50,options,14,1.0,48,1.0,549,30.2,88.15,1.075,0.696,45.31,152.24,1.207,-66.19,160,0.85
NIFTY 50,options,14,1.5,off,off,467,28.9,-18.45,0.984,0.318,71.7,84.8,1.116,-105.49,136,0.754
NIFTY 50,options,14,1.5,off,1.0,468,28.8,-3.55,0.997,0.381,66.39,92.97,1.128,-98.77,136,0.766
NIFTY 50,options,14,1.5,48,off,474,29.7,-40.25,0.966,0.242,76.34,47.09,1.064,-90.06,138,0.792
NIFTY 50,options,14,1.5,48,1.0,475,29.5,-26.26,0.977,0.301,70.5,54.35,1.074,-83.34,138,0.805
NIFTY 50,options,14,2.0,off,off,366,30.9,19.11,1.017,0.514,63.11,138.32,1.209,-124.97,111,0.721
NIFTY 50,options,14,2.0,off,1.0,367,30.8,18.92,1.017,0.513,63.08,138.12,1.208,-124.97,111,0.721
NIFTY 50,options,14,2.0,48,off,389,32.1,-17.51,0.985,0.245,72.35,106.06,1.152,-130.7,118,0.719
NIFTY 50,options,14,2.0,48,1.0,391,32.0,-22.04,0.981,0.221,73.41,101.53,1.144,-130.7,118,0.719
NIFTY 50,options,21,0.75,off,off,558,32.1,77.25,1.073,0.63,50.66,79.18,1.12,-7.01,164,0.982
NIFTY 50,options,21,0.75,off,1.0,558,31.9,81.18,1.077,0.643,49.83,85.46,1.131,-9.36,164,0.976
NIFTY 50,options,21,0.75,48,off,558,32.1,105.55,1.1,0.707,50.66,93.77,1.142,6.7,164,1.017
NIFTY 50,options,21,0.75,48,1.0,558,31.9,109.48,1.104,0.719,49.83,100.05,1.153,4.35,164,1.011
NIFTY 50,options,21,1.0,off,off,553,30.0,45.01,1.037,0.547,52.67,120.09,1.161,-77.18,161,0.829
NIFTY 50,options,21,1.0,off,1.0,553,29.8,41.97,1.035,0.536,53.66,120.02,1.16,-80.15,161,0.822
NIFTY 50,options,21,1.0,48,off,554,30.0,72.67,1.06,0.643,47.42,134.08,1.179,-63.51,162,0.86
NIFTY 50,options,21,1.0,48,1.0,554,29.8,69.63,1.058,0.633,47.53,134.01,1.179,-66.48,162,0.853
NIFTY 50,options,21,1.5,off,off,466,29.0,-9.49,0.992,0.328,69.76,105.55,1.146,-113.65,136,0.734
NIFTY 50,options,21,1.5,off,1.0,468,28.8,1.3,1.001,0.378,66.08,110.39,1.154,-107.7,136,0.744
NIFTY 50,options,21,1.5,48,off,473,29.6,-34.21,0.971,0.214,75.05,63.08,1.087,-97.27,138,0.774
NIFTY 50,options,21,1.5,48,1.0,475,29.3,-24.33,0.979,0.26,71.09,67.01,1.093,-91.32,138,0.785
NIFTY 50,options,21,2.0,off,off,355,31.3,-33.54,0.969,0.162,76.15,97.82,1.152,-124.23,106,0.713
NIFTY 50,options,21,2.0,off,1.0,355,31.3,-28.52,0.973,0.204,74.51,99.55,1.155,-120.94,106,0.718
NIFTY 50,options,21,2.0,48,off,381,32.0,-60.97,0.947,-0.149,84.89,72.28,1.103,-127.73,113,0.717
NIFTY 50,options,21,2.0,48,1.0,381,32.0,-55.95,0.951,-0.091,83.06,74.01,1.106,-124.44,113,0.722
NIFTY BANK,options,10,0.75,off,off,558,33.2,493.06,1.165,0.968,53.68,560.7,1.303,-75.27,166,0.934
NIFTY BANK,options,10,0.75,off,1.0,558,33.0,486.92,1.164,0.969,54.14,552.51,1.301,-73.23,166,0.935
NIFTY BANK,options,10,0.75,48,off,558,33.2,461.73,1.155,0.887,70.49,524.54,1.283,-70.45,166,0.938
NIFTY BANK,options,10,0.75,48,1.0,558,33.0,455.58,1.154,0.884,70.86,516.36,1.281,-68.41,166,0.94
NIFTY BANK,options,10,1.0,off,off,547,33.6,678.1,1.212,1.061,64.95,869.87,1.444,-197.54,164,0.84
NIFTY BANK,options,10,1.0,off,1.0,547,33.6,695.17,1.219,1.069,61.82,887.51,1.458,-198.1,164,0.84
NIFTY BANK,options,10,1.0,48,off,547,33.6,650.46,1.204,1.053,85.14,840.04,1.429,-195.34,164,0.842
NIFTY BANK,options,10,1.0,48,1.0,547,33.6,667.53,1.21,1.059,81.05,857.68,1.442,-195.91,164,0.841
NIFTY BANK,options,10,1.5,off,off,455,31.6,633.34,1.213,1.173,60.22,817.29,1.453,-192.62,139,0.837
NIFTY BANK,options,10,1.5,off,1.0,455,31.0,626.27,1.213,1.17,60.24,807.76,1.454,-190.17,139,0.838
NIFTY BANK,options,10,1.5,48,off,460,31.7,610.24,1.204,1.168,71.0,800.96,1.44,-203.19,140,0.827
NIFTY BANK,options,10,1.5,48,1.0,460,31.1,603.16,1.204,1.165,71.03,791.44,1.441,-200.74,140,0.829
NIFTY BANK,options,10,2.0,off,off,351,30.8,824.56,1.291,0.992,84.18,984.38,1.589,-161.81,111,0.863
NIFTY BANK,options,10,2.0,off,1.0,354,30.5,797.15,1.279,0.962,87.0,972.64,1.578,-177.48,112,0.851
NIFTY BANK,options,10,2.0,48,off,372,32.0,627.7,1.213,1.271,77.59,791.22,1.455,-171.47,116,0.859
NIFTY BANK,options,10,2.0,48,1.0,375,31.7,605.85,1.204,1.238,80.29,785.03,1.45,-187.14,117,0.848
NIFTY BANK,options,14,0.75,off,off,558,33.3,482.71,1.162,0.948,60.9,559.77,1.303,-84.7,166,0.925
NIFTY BANK,options,14,0.75,off,1.0,558,33.2,476.56,1.161,0.948,61.29,551.59,1.301,-82.66,166,0.927
NIFTY BANK,options,14,0.75,48,off,558,33.3,451.37,1.151,0.829,79.97,523.62,1.284,-79.88,166,0.93
NIFTY BANK,options,14,0.75,48,1.0,558,33.2,445.23,1.15,0.826,80.22,515.43,1.281,-77.84,166,0.931
NIFTY BANK,options,14,1.0,off,off,550,34.7,829.39,1.263,1.127,52.8,873.61,1.45,-49.98,163,0.959
NIFTY BANK,options,14,1.0,off,1.0,551,34.5,733.14,1.233,1.097,56.81,881.11,1.457,-153.73,164,0.873
NIFTY BANK,options,14,1.0,48,off,550,34.7,740.39,1.235,1.144,69.9,852.3,1.439,-117.68,163,0.902
NIFTY BANK,options,14,1.0,48,1.0,551,34.5,715.76,1.228,1.142,75.21,859.8,1.446,-149.81,164,0.876
NIFTY BANK,options,14,1.5,off,off,456,31.8,622.25,1.208,1.167,67.09,789.7,1.427,-176.26,137,0.848
NIFTY BANK,options,14,1.5,off,1.0,456,31.1,621.25,1.21,1.167,62.72,786.25,1.433,-173.81,137,0.85
NIFTY BANK,options,14,1.5,48,off,462,32.0,608.01,1.202,1.113,79.33,772.67,1.415,-177.13,139,0.847
NIFTY BANK,options,14,1.5,48,1.0,462,31.4,607.01,1.204,1.15,73.45,769.22,1.421,-174.68,139,0.849
NIFTY BANK,options,14,2.0,off,off,338,32.8,882.68,1.327,0.98,85.9,1058.32,1.658,-177.62,107,0.839
NIFTY BANK,options,14,2.0,off,1.0,339,32.7,873.69,1.322,0.979,85.9,1049.33,1.649,-177.62,107,0.839
NIFTY BANK,options,14,2.0,48,off,363,34.2,684.01,1.24,1.302,76.87,830.45,1.492,-154.4,114,0.868
NIFTY BANK,options,14,2.0,48,1.0,364,34.1,680.58,1.238,1.299,76.87,827.02,1.489,-154.4,114,0.868
NIFTY BANK,options,21,0.75,off,off,558,33.2,462.54,1.155,0.926,64.43,548.66,1.298,-93.75,166,0.918
NIFTY BANK,options,21,0.75,off,1.0,558,33.2,478.02,1.161,0.927,65.56,563.79,1.309,-93.41,166,0.918
NIFTY BANK,options,21,0.75,48,off,558,33.2,440.8,1.148,0.818,79.78,522.1,1.283,-88.93,166,0.922
NIFTY BANK,options,21,0.75,48,1.0,558,33.2,456.27,1.154,0.811,81.18,537.23,1.294,-88.59,166,0.922
NIFTY BANK,options,21,1.0,off,off,556,35.1,703.25,1.217,1.071,64.65,858.93,1.43,-161.44,166,0.87
NIFTY BANK,options,21,1.0,off,1.0,556,34.7,675.63,1.209,1.059,68.62,863.16,1.434,-193.29,166,0.845
NIFTY BANK,options,21,1.0,48,off,556,35.1,684.53,1.211,1.109,85.37,836.28,1.419,-157.51,166,0.873
NIFTY BANK,options,21,1.0,48,1.0,556,34.7,656.91,1.203,1.126,90.62,840.52,1.422,-189.37,166,0.848
NIFTY BANK,options,21,1.5,off,off,456,30.9,568.37,1.189,1.121,67.67,735.77,1.396,-176.21,138,0.848
NIFTY BANK,options,21,1.5,off,1.0,456,30.9,628.1,1.213,1.145,63.55,779.02,1.429,-159.73,138,0.861
NIFTY BANK,options,21,1.5,48,off,463,31.5,602.94,1.2,1.12,80.51,763.91,1.411,-173.43,140,0.85
NIFTY BANK,options,21,1.5,48,1.0,463,31.5,662.68,1.225,1.146,74.71,807.16,1.445,-156.95,140,0.862
NIFTY BANK,options,21,2.0,off,off,336,31.8,943.24,1.35,1.032,75.4,1138.37,1.714,-199.43,107,0.821
NIFTY BANK,options,21,2.0,off,1.0,338,31.7,928.03,1.342,1.027,75.4,1137.94,1.713,-214.22,108,0.811
NIFTY BANK,options,21,2.0,48,off,364,33.8,687.07,1.242,1.384,60.38,883.92,1.527,-207.13,114,0.822
NIFTY BANK,options,21,2.0,48,1.0,366,33.6,675.13,1.237,1.375,60.38,886.78,1.529,-221.92,115,0.812
NIFTY FIN SERVICE,options,10,0.75,off,off,562,34.2,206.45,1.154,1.085,27.78,211.93,1.25,-8.89,164,0.982
NIFTY FIN SERVICE,options,10,0.75,off,1.0,562,34.2,208.57,1.156,1.09,27.52,212.96,1.251,-7.8,164,0.984
NIFTY FIN SERVICE,options,10,0.75,48,off,562,34.2,220.54,1.165,1.12,27.05,221.13,1.26,-10.38,164,0.979
NIFTY FIN SERVICE,options,10,0.75,48,1.0,562,34.2,222.67,1.166,1.125,26.8,222.16,1.262,-9.29,164,0.981
NIFTY FIN SERVICE,options,10,1.0,off,off,546,32.1,255.6,1.177,1.096,44.47,264.54,1.291,-11.06,157,0.979
NIFTY FIN SERVICE,options,10,1.0,off,1.0,546,32.1,260.67,1.182,1.105,44.47,266.68,1.294,-8.12,157,0.985
NIFTY FIN SERVICE,options,10,1.0,48,off,547,32.0,254.3,1.176,1.066,48.46,255.06,1.28,-9.26,157,0.983
NIFTY FIN SERVICE,options,10,1.0,48,1.0,547,32.0,259.38,1.18,1.075,48.46,257.19,1.283,-6.32,157,0.988
NIFTY FIN SERVICE,options,10,1.5,off,off,454,31.5,370.92,1.274,1.265,44.25,385.24,1.465,-18.36,133,0.965
NIFTY FIN SERVICE,options,10,1.5,off,1.0,454,31.1,367.96,1.277,1.272,43.6,373.96,1.461,-10.04,133,0.981
NIFTY FIN SERVICE,options,10,1.5,48,off,460,32.0,389.83,1.285,1.288,40.59,397.91,1.476,-19.74,134,0.963
NIFTY FIN SERVICE,options,10,1.5,48,1.0,460,31.5,379.51,1.283,1.285,40.0,379.27,1.463,-11.42,134,0.978
NIFTY FIN SERVICE,options,10,2.0,off,off,367,30.0,222.67,1.161,1.126,38.47,356.69,1.456,-137.53,113,0.771
NIFTY FIN SERVICE,options,10,2.0,off,1.0,370,29.7,223.88,1.162,1.123,38.33,354.63,1.452,-134.27,113,0.776
NIFTY FIN SERVICE,options,10,2.0,48,off,387,31.5,197.96,1.139,1.172,38.73,307.58,1.38,-120.75,115,0.804
NIFTY FIN SERVICE,options,10,2.0,48,1.0,390,31.3,199.17,1.14,1.167,38.57,305.52,1.376,-117.49,115,0.808
NIFTY FIN SERVICE,options,14,0.75,off,off,562,34.5,196.36,1.148,1.063,28.24,218.78,1.261,-24.95,164,0.949
NIFTY FIN SERVICE,options,14,0.75,off,1.0,562,34.5,198.49,1.15,1.069,27.72,219.82,1.263,-23.86,164,0.951
NIFTY FIN SERVICE,options,14,0.75,48,off,562,34.5,208.41,1.158,1.094,27.59,227.98,1.272,-28.49,164,0.941
NIFTY FIN SERVICE,options,14,0.75,48,1.0,562,34.5,210.53,1.159,1.099,27.46,229.01,1.274,-27.4,164,0.943
NIFTY FIN SERVICE,options,14,1.0,off,off,553,31.8,208.75,1.142,0.986,44.72,251.99,1.273,-45.36,162,0.917
NIFTY FIN SERVICE,options,14,1.0,off,1.0,553,31.8,213.6,1.146,0.995,44.72,254.22,1.276,-42.73,162,0.921
NIFTY FIN SERVICE,options,14,1.0,48,off,554,31.8,205.09,1.139,0.956,48.33,242.3,1.262,-45.73,162,0.916
NIFTY FIN SERVICE,options,14,1.0,48,1.0,554,31.8,209.94,1.143,0.964,48.33,244.54,1.265,-43.1,162,0.921
NIFTY FIN SERVICE,options,14,1.5,off,off,452,30.8,361.33,1.265,1.261,45.44,374.21,1.445,-16.92,133,0.968
NIFTY FIN SERVICE,options,14,1.5,off,1.0,453,30.2,354.79,1.265,1.26,44.78,360.5,1.437,-9.76,134,0.981
NIFTY FIN SERVICE,options,14,1.5,48,off,459,31.4,375.89,1.273,1.278,41.79,382.53,1.451,-18.3,134,0.966
NIFTY FIN SERVICE,options,14,1.5,48,1.0,460,30.9,361.98,1.267,1.268,41.19,361.46,1.434,-11.14,135,0.979
NIFTY FIN SERVICE,options,14,2.0,off,off,355,30.7,292.03,1.214,1.085,41.41,445.46,1.577,-156.94,112,0.737
NIFTY FIN SERVICE,options,14,2.0,off,1.0,357,30.5,288.17,1.211,1.078,41.41,438.23,1.563,-153.58,112,0.741
NIFTY FIN SERVICE,options,14,2.0,48,off,377,32.1,264.26,1.188,1.296,33.34,379.22,1.473,-126.1,114,0.793
NIFTY FIN SERVICE,options,14,2.0,48,1.0,379,31.9,260.39,1.185,1.283,33.53,371.99,1.46,-122.73,114,0.798
NIFTY FIN SERVICE,options,21,0.75,off,off,562,34.5,245.07,1.186,1.176,24.24,260.03,1.312,-17.49,164,0.964
NIFTY FIN SERVICE,options,21,0.75,off,1.0,562,34.5,246.12,1.187,1.179,24.19,259.99,1.312,-16.4,164,0.966
NIFTY FIN SERVICE,options,21,0.75,48,off,562,34.5,257.11,1.196,1.203,24.19,269.22,1.323,-21.03,164,0.956
NIFTY FIN SERVICE,options,21,0.75,48,1.0,562,34.5,258.16,1.196,1.205,24.14,269.18,1.323,-19.94,164,0.959
NIFTY FIN SERVICE,options,21,1.0,off,off,559,32.2,225.53,1.154,1.031,41.08,272.1,1.293,-51.65,163,0.905
NIFTY FIN SERVICE,options,21,1.0,off,1.0,559,32.2,230.38,1.157,1.04,41.08,274.33,1.296,-49.02,163,0.909
NIFTY FIN SERVICE,options,21,1.0,48,off,559,32.2,236.24,1.161,1.029,43.48,276.79,1.298,-52.01,163,0.904
NIFTY FIN SERVICE,options,21,1.0,48,1.0,559,32.2,241.09,1.165,1.037,43.48,279.02,1.301,-49.39,163,0.909
NIFTY FIN SERVICE,options,21,1.5,off,off,447,31.1,409.43,1.298,1.358,41.35,422.61,1.498,-17.22,132,0.967
NIFTY FIN SERVICE,options,21,1.5,off,1.0,449,30.5,391.94,1.29,1.343,39.61,409.34,1.492,-21.44,133,0.959
NIFTY FIN SERVICE,options,21,1.5,48,off,457,31.5,401.5,1.288,1.352,33.82,419.03,1.489,-29.2,134,0.946
NIFTY FIN SERVICE,options,21,1.5,48,1.0,459,30.9,397.12,1.289,1.352,33.33,398.4,1.474,-12.94,135,0.976
NIFTY FIN SERVICE,options,21,2.0,off,off,351,30.5,304.91,1.225,1.106,41.38,437.43,1.56,-136.93,110,0.763
NIFTY FIN SERVICE,options,21,2.0,off,1.0,352,30.1,305.13,1.226,1.105,41.38,434.29,1.559,-133.58,110,0.768
NIFTY FIN SERVICE,options,21,2.0,48,off,376,32.2,247.45,1.176,1.248,35.57,352.43,1.434,-116.64,113,0.804
NIFTY FIN SERVICE,options,21,2.0,48,1.0,377,31.8,247.66,1.177,1.247,35.49,349.29,1.433,-113.29,113,0.809
SENSEX,options,10,0.75,off,off,557,31.8,271.48,1.073,-0.649,178.4,313.76,1.134,-43.12,161,0.968
SENSEX,options,10,0.75,off,1.0,557,31.4,251.54,1.068,-0.865,171.47,314.84,1.135,-64.14,161,0.953
SENSEX,options,10,0.75,48,off,557,31.8,338.3,1.091,-0.644,178.4,364.28,1.156,-26.81,161,0.98
SENSEX,options,10,0.75,48,1.0,557,31.4,318.36,1.086,-0.857,171.47,365.36,1.157,-47.83,161,0.965
SENSEX,options,10,1.0,off,off,542,30.4,148.01,1.037,0.685,127.39,340.76,1.134,-181.75,156,0.875
SENSEX,options,10,1.0,off,1.0,543,30.0,198.02,1.05,0.322,130.65,352.45,1.139,-143.43,157,0.901
SENSEX,options,10,1.0,48,off,543,30.4,234.51,1.058,0.248,127.68,388.34,1.152,-142.82,157,0.903
SENSEX,options,10,1.0,48,1.0,544,30.0,284.52,1.071,0.095,131.19,400.02,1.158,-104.51,158,0.928
SENSEX,options,10,1.5,off,off,464,29.1,-405.7,0.898,-1.037,160.28,206.17,1.086,-600.87,138,0.621
SENSEX,options,10,1.5,off,1.0,465,28.8,-403.32,0.898,-0.143,161.02,192.12,1.081,-584.43,138,0.627
SENSEX,options,10,1.5,48,off,470,29.6,-329.96,0.918,-1.231,144.01,218.85,1.091,-537.81,139,0.66
SENSEX,options,10,1.5,48,1.0,471,29.3,-350.25,0.912,-0.723,148.66,182.13,1.076,-521.37,139,0.667
SENSEX,options,10,2.0,off,off,368,28.8,-220.57,0.942,0.265,124.36,41.35,1.018,-272.85,110,0.82
SENSEX,options,10,2.0,off,1.0,372,28.0,-219.05,0.942,0.367,123.77,12.03,1.005,-242.02,110,0.837
SENSEX,options,10,2.0,48,off,387,30.2,-256.9,0.935,0.913,128.48,33.32,1.014,-301.15,115,0.805
SENSEX,options,10,2.0,48,1.0,392,29.3,-295.11,0.926,-0.482,136.26,-35.73,0.985,-270.32,115,0.822
SENSEX,options,14,0.75,off,off,555,31.7,159.02,1.043,-0.646,180.84,237.09,1.101,-78.92,160,0.943
SENSEX,options,14,0.75,off,1.0,555,31.4,143.74,1.039,-0.848,173.92,238.17,1.102,-95.26,160,0.931
SENSEX,options,14,0.75,48,off,555,31.7,226.49,1.061,-0.647,180.84,287.62,1.123,-61.96,160,0.955
SENSEX,options,14,0.75,48,1.0,555,31.4,211.22,1.057,-0.854,173.92,288.69,1.124,-78.31,160,0.943
SENSEX,options,14,1.0,off,off,545,30.6,198.99,1.05,-1.088,132.32,408.87,1.163,-198.88,157,0.864
SENSEX,options,14,1.0,off,1.0,546,30.2,246.38,1.062,-0.901,135.6,419.94,1.168,-162.56,158,0.888
SENSEX,options,14,1.0,48,off,546,30.6,311.7,1.078,-1.211,132.99,456.44,1.181,-133.74,158,0.909
SENSEX,options,14,1.0,48,1.0,547,30.2,359.09,1.09,-0.675,136.52,467.52,1.187,-97.42,159,0.933
SENSEX,options,14,1.5,off,off,467,29.1,-294.53,0.925,-0.069,141.31,219.69,1.091,-503.22,137,0.667
SENSEX,options,14,1.5,off,1.0,469,28.6,-281.94,0.928,-1.076,138.12,225.34,1.095,-496.27,138,0.67
SENSEX,options,14,1.5,48,off,473,29.8,-260.09,0.934,-0.234,145.59,202.26,1.083,-451.34,138,0.699
SENSEX,options,14,1.5,48,1.0,475,29.3,-270.17,0.931,0.172,136.37,185.23,1.077,-444.4,139,0.702
SENSEX,options,14,2.0,off,off,361,29.9,-134.82,0.964,-1.825,113.76,133.54,1.059,-278.39,108,0.809
SENSEX,options,14,2.0,off,1.0,361,29.9,-124.67,0.967,0.784,113.76,143.69,1.063,-278.39,108,0.809
SENSEX,options,14,2.0,48,off,385,30.6,-213.15,0.946,-0.499,118.64,119.57,1.049,-342.75,114,0.775
SENSEX,options,14,2.0,48,1.0,385,30.6,-202.99,0.949,0.279,116.85,129.73,1.053,-342.75,114,0.775
SENSEX,options,21,0.75,off,off,555,31.4,149.31,1.04,-0.573,188.24,263.6,1.113,-122.16,160,0.91
SENSEX,options,21,0.75,off,1.0,555,31.0,134.26,1.037,-0.783,181.31,259.22,1.112,-132.83,160,0.901
SENSEX,options,21,0.75,48,off,555,31.4,245.9,1.067,-0.557,188.24,314.12,1.135,-76.09,160,0.944
SENSEX,options,21,0.75,48,1.0,555,31.0,230.85,1.063,-0.769,181.31,309.74,1.134,-86.76,160,0.936
SENSEX,options,21,1.0,off,off,550,30.7,133.39,1.033,-0.822,144.95,388.88,1.154,-245.89,159,0.836
SENSEX,options,21,1.0,off,1.0,550,30.4,111.45,1.028,-0.826,148.29,385.6,1.153,-264.56,159,0.824
SENSEX,options,21,1.0,48,off,551,30.7,259.3,1.064,-1.172,144.04,449.66,1.178,-180.75,160,0.88
SENSEX,options,21,1.0,48,1.0,551,30.3,237.36,1.059,-0.925,147.64,446.38,1.177,-199.42,160,0.868
SENSEX,options,21,1.5,off,off,463,30.0,-111.07,0.971,-1.325,126.8,309.9,1.131,-409.96,135,0.716
SENSEX,options,21,1.5,off,1.0,465,29.2,-124.62,0.967,0.095,119.36,281.32,1.12,-394.94,135,0.724
SENSEX,options,21,1.5,48,off,470,30.6,-23.53,0.994,-0.846,130.1,355.73,1.149,-368.26,137,0.747
SENSEX,options,21,1.5,48,1.0,472,29.9,-59.76,0.984,-0.751,123.56,304.48,1.128,-353.23,137,0.755
SENSEX,options,21,2.0,off,off,359,28.7,-281.07,0.926,-0.871,158.17,122.15,1.054,-385.63,107,0.743
SENSEX,options,21,2.0,off,1.0,359,28.4,-384.92,0.898,-0.995,158.17,20.72,1.009,-388.05,107,0.741
SENSEX,options,21,2.0,48,off,381,29.9,-426.67,0.893,-0.579,160.31,30.36,1.013,-439.43,112,0.718
SENSEX,options,21,2.0,48,1.0,381,29.7,-496.43,0.875,-0.942,172.63,-48.42,0.98,-430.41,112,0.722
