underlying,trail,lock,moneyness,moneyness_pct,trades,win_rate,ret_pct,net_pnl,profit_factor,sharpe,max_dd,expectancy,is_ret,is_trades,is_pf,oos_ret,oos_trades,oos_pf
NIFTY 50,fast,off,ITM2,-0.564,547,30.5,63.98,63977.64,1.05,0.62,53.25,116.96,127.69,386,1.159,-64.96,159,0.864
NIFTY 50,fast,off,ITM1,-0.282,547,30.3,63.36,63361.76,1.051,0.616,51.81,115.84,125.92,386,1.163,-63.73,159,0.861
NIFTY 50,fast,off,ATM,0.0,547,30.2,62.14,62139.5,1.053,0.611,50.39,113.6,123.63,386,1.167,-62.57,159,0.858
NIFTY 50,fast,off,OTM1,0.282,547,30.2,60.5,60498.87,1.053,0.604,48.96,110.6,121.04,386,1.171,-61.54,159,0.854
NIFTY 50,fast,off,OTM2,0.564,547,30.0,58.39,58394.26,1.054,0.596,48.27,106.75,118.03,386,1.174,-60.55,159,0.849
NIFTY 50,fast,lock@0.5R,ITM2,-0.564,547,30.5,63.98,63977.64,1.05,0.62,53.25,116.96,127.69,386,1.159,-64.96,159,0.864
NIFTY 50,fast,lock@0.5R,ITM1,-0.282,547,30.3,63.36,63361.76,1.051,0.616,51.81,115.84,125.92,386,1.163,-63.73,159,0.861
NIFTY 50,fast,lock@0.5R,ATM,0.0,547,30.2,62.14,62139.5,1.053,0.611,50.39,113.6,123.63,386,1.167,-62.57,159,0.858
NIFTY 50,fast,lock@0.5R,OTM1,0.282,547,30.2,60.5,60498.87,1.053,0.604,48.96,110.6,121.04,386,1.171,-61.54,159,0.854
NIFTY 50,fast,lock@0.5R,OTM2,0.564,547,30.0,58.39,58394.26,1.054,0.596,48.27,106.75,118.03,386,1.174,-60.55,159,0.849
NIFTY 50,fast,lock@1.0R,ITM2,-0.564,547,30.5,63.98,63977.64,1.05,0.62,53.25,116.96,127.69,386,1.159,-64.96,159,0.864
NIFTY 50,fast,lock@1.0R,ITM1,-0.282,547,30.3,63.36,63361.76,1.051,0.616,51.81,115.84,125.92,386,1.163,-63.73,159,0.861
NIFTY 50,fast,lock@1.0R,ATM,0.0,547,30.2,62.14,62139.5,1.053,0.611,50.39,113.6,123.63,386,1.167,-62.57,159,0.858
NIFTY 50,fast,lock@1.0R,OTM1,0.282,547,30.2,60.5,60498.87,1.053,0.604,48.96,110.6,121.04,386,1.171,-61.54,159,0.854
NIFTY 50,fast,lock@1.0R,OTM2,0.564,547,30.0,58.39,58394.26,1.054,0.596,48.27,106.75,118.03,386,1.174,-60.55,159,0.849
NIFTY 50,fast,lock@1.5R,ITM2,-0.564,547,30.5,63.98,63977.64,1.05,0.62,53.25,116.96,127.69,386,1.159,-64.96,159,0.864
NIFTY 50,fast,lock@1.5R,ITM1,-0.282,547,30.3,63.36,63361.76,1.051,0.616,51.81,115.84,125.92,386,1.163,-63.73,159,0.861
NIFTY 50,fast,lock@1.5R,ATM,0.0,547,30.2,62.14,62139.5,1.053,0.611,50.39,113.6,123.63,386,1.167,-62.57,159,0.858
NIFTY 50,fast,lock@1.5R,OTM1,0.282,547,30.2,60.5,60498.87,1.053,0.604,48.96,110.6,121.04,386,1.171,-61.54,159,0.854
NIFTY 50,fast,lock@1.5R,OTM2,0.564,547,30.0,58.39,58394.26,1.054,0.596,48.27,106.75,118.03,386,1.174,-60.55,159,0.849
NIFTY 50,mid,off,ITM2,-0.564,361,31.3,56.89,56889.8,1.049,0.73,56.02,157.59,138.61,254,1.195,-87.91,107,0.805
NIFTY 50,mid,off,ITM1,-0.282,361,31.3,52.23,52234.17,1.047,0.706,56.5,144.69,134.8,254,1.196,-88.41,107,0.796
NIFTY 50,mid,off,ATM,0.0,361,31.3,47.3,47303.65,1.044,0.679,57.02,131.04,130.62,254,1.198,-88.82,107,0.787
NIFTY 50,mid,off,OTM1,0.282,361,30.7,42.27,42272.61,1.041,0.651,57.57,117.1,126.28,254,1.199,-89.16,107,0.777
NIFTY 50,mid,off,OTM2,0.564,361,30.7,36.94,36943.33,1.037,0.619,58.18,102.34,121.55,254,1.2,-89.4,107,0.767
NIFTY 50,mid,lock@0.5R,ITM2,-0.564,361,31.3,56.89,56889.8,1.049,0.73,56.02,157.59,138.61,254,1.195,-87.91,107,0.805
NIFTY 50,mid,lock@0.5R,ITM1,-0.282,361,31.3,52.23,52234.17,1.047,0.706,56.5,144.69,134.8,254,1.196,-88.41,107,0.796
NIFTY 50,mid,lock@0.5R,ATM,0.0,361,31.3,47.3,47303.65,1.044,0.679,57.02,131.04,130.62,254,1.198,-88.82,107,0.787
NIFTY 50,mid,lock@0.5R,OTM1,0.282,361,30.7,42.27,42272.61,1.041,0.651,57.57,117.1,126.28,254,1.199,-89.16,107,0.777
NIFTY 50,mid,lock@0.5R,OTM2,0.564,361,30.7,36.94,36943.33,1.037,0.619,58.18,102.34,121.55,254,1.2,-89.4,107,0.767
NIFTY 50,mid,lock@1.0R,ITM2,-0.564,361,31.3,56.89,56889.8,1.049,0.73,56.02,157.59,138.61,254,1.195,-87.91,107,0.805
NIFTY 50,mid,lock@1.0R,ITM1,-0.282,361,31.3,52.23,52234.17,1.047,0.706,56.5,144.69,134.8,254,1.196,-88.41,107,0.796
NIFTY 50,mid,lock@1.0R,ATM,0.0,361,31.3,47.3,47303.65,1.044,0.679,57.02,131.04,130.62,254,1.198,-88.82,107,0.787
NIFTY 50,mid,lock@1.0R,OTM1,0.282,361,30.7,42.27,42272.61,1.041,0.651,57.57,117.1,126.28,254,1.199,-89.16,107,0.777
NIFTY 50,mid,lock@1.0R,OTM2,0.564,361,30.7,36.94,36943.33,1.037,0.619,58.18,102.34,121.55,254,1.2,-89.4,107,0.767
NIFTY 50,mid,lock@1.5R,ITM2,-0.564,361,31.3,56.89,56889.8,1.049,0.73,56.02,157.59,138.61,254,1.195,-87.91,107,0.805
NIFTY 50,mid,lock@1.5R,ITM1,-0.282,361,31.3,52.23,52234.17,1.047,0.706,56.5,144.69,134.8,254,1.196,-88.41,107,0.796
NIFTY 50,mid,lock@1.5R,ATM,0.0,361,31.3,47.3,47303.65,1.044,0.679,57.02,131.04,130.62,254,1.198,-88.82,107,0.787
NIFTY 50,mid,lock@1.5R,OTM1,0.282,361,30.7,42.27,42272.61,1.041,0.651,57.57,117.1,126.28,254,1.199,-89.16,107,0.777
NIFTY 50,mid,lock@1.5R,OTM2,0.564,361,30.7,36.94,36943.33,1.037,0.619,58.18,102.34,121.55,254,1.2,-89.4,107,0.767
NIFTY 50,slow,off,ITM2,-0.564,204,26.5,-185.13,-185130.12,0.795,-1.197,150.04,-907.5,-17.09,146,0.969,-173.38,58,0.512
NIFTY 50,slow,off,ITM1,-0.282,204,26.5,-181.57,-181566.68,0.791,-1.586,148.42,-890.03,-15.49,146,0.971,-171.21,58,0.5
NIFTY 50,slow,off,ATM,0.0,204,25.0,-177.89,-177891.88,0.788,-0.623,147.13,-872.02,-13.97,146,0.972,-168.85,58,0.489
NIFTY 50,slow,off,OTM1,0.282,204,25.0,-174.01,-174014.5,0.784,0.839,145.66,-853.01,-12.36,146,0.975,-166.34,58,0.477
NIFTY 50,slow,off,OTM2,0.564,204,25.0,-170.07,-170067.42,0.78,-0.044,144.13,-833.66,-10.91,146,0.977,-163.62,58,0.464
NIFTY 50,slow,lock@0.5R,ITM2,-0.564,204,26.5,-185.13,-185130.12,0.795,-1.197,150.04,-907.5,-17.09,146,0.969,-173.38,58,0.512
NIFTY 50,slow,lock@0.5R,ITM1,-0.282,204,26.5,-181.57,-181566.68,0.791,-1.586,148.42,-890.03,-15.49,146,0.971,-171.21,58,0.5
NIFTY 50,slow,lock@0.5R,ATM,0.0,204,25.0,-177.89,-177891.88,0.788,-0.623,147.13,-872.02,-13.97,146,0.972,-168.85,58,0.489
NIFTY 50,slow,lock@0.5R,OTM1,0.282,204,25.0,-174.01,-174014.5,0.784,0.839,145.66,-853.01,-12.36,146,0.975,-166.34,58,0.477
NIFTY 50,slow,lock@0.5R,OTM2,0.564,204,25.0,-170.07,-170067.42,0.78,-0.044,144.13,-833.66,-10.91,146,0.977,-163.62,58,0.464
NIFTY 50,slow,lock@1.0R,ITM2,-0.564,204,26.5,-185.13,-185130.12,0.795,-1.197,150.04,-907.5,-17.09,146,0.969,-173.38,58,0.512
NIFTY 50,slow,lock@1.0R,ITM1,-0.282,204,26.5,-181.57,-181566.68,0.791,-1.586,148.42,-890.03,-15.49,146,0.971,-171.21,58,0.5
NIFTY 50,slow,lock@1.0R,ATM,0.0,204,25.0,-177.89,-177891.88,0.788,-0.623,147.13,-872.02,-13.97,146,0.972,-168.85,58,0.489
NIFTY 50,slow,lock@1.0R,OTM1,0.282,204,25.0,-174.01,-174014.5,0.784,0.839,145.66,-853.01,-12.36,146,0.975,-166.34,58,0.477
NIFTY 50,slow,lock@1.0R,OTM2,0.564,204,25.0,-170.07,-170067.42,0.78,-0.044,144.13,-833.66,-10.91,146,0.977,-163.62,58,0.464
NIFTY 50,slow,lock@1.5R,ITM2,-0.564,204,26.5,-185.13,-185130.12,0.795,-1.197,150.04,-907.5,-17.09,146,0.969,-173.38,58,0.512
NIFTY 50,slow,lock@1.5R,ITM1,-0.282,204,26.5,-181.57,-181566.68,0.791,-1.586,148.42,-890.03,-15.49,146,0.971,-171.21,58,0.5
NIFTY 50,slow,lock@1.5R,ATM,0.0,204,25.0,-177.89,-177891.88,0.788,-0.623,147.13,-872.02,-13.97,146,0.972,-168.85,58,0.489
NIFTY 50,slow,lock@1.5R,OTM1,0.282,204,25.0,-174.01,-174014.5,0.784,0.839,145.66,-853.01,-12.36,146,0.975,-166.34,58,0.477
NIFTY 50,slow,lock@1.5R,OTM2,0.564,204,25.0,-170.07,-170067.42,0.78,-0.044,144.13,-833.66,-10.91,146,0.977,-163.62,58,0.464
NIFTY BANK,fast,off,ITM2,-0.505,549,35.9,739.28,739275.88,1.215,1.086,70.95,1346.59,833.21,385,1.388,-90.99,162,0.929
NIFTY BANK,fast,off,ITM1,-0.252,549,35.5,749.32,749320.21,1.227,1.088,67.75,1364.88,834.5,385,1.404,-82.26,162,0.933
NIFTY BANK,fast,off,ATM,0.0,549,35.3,757.46,757463.94,1.238,1.094,64.65,1379.72,834.39,385,1.42,-74.06,162,0.937
NIFTY BANK,fast,off,OTM1,0.252,549,35.2,763.64,763639.92,1.25,1.101,61.66,1390.97,832.85,385,1.437,-66.38,162,0.941
NIFTY BANK,fast,off,OTM2,0.505,549,35.2,768.1,768099.68,1.263,1.11,58.77,1399.09,830.02,385,1.454,-59.12,162,0.946
NIFTY BANK,fast,lock@0.5R,ITM2,-0.505,549,35.9,739.28,739275.88,1.215,1.086,70.95,1346.59,833.21,385,1.388,-90.99,162,0.929
NIFTY BANK,fast,lock@0.5R,ITM1,-0.252,549,35.5,749.32,749320.21,1.227,1.088,67.75,1364.88,834.5,385,1.404,-82.26,162,0.933
NIFTY BANK,fast,lock@0.5R,ATM,0.0,549,35.3,757.46,757463.94,1.238,1.094,64.65,1379.72,834.39,385,1.42,-74.06,162,0.937
NIFTY BANK,fast,lock@0.5R,OTM1,0.252,549,35.2,763.64,763639.92,1.25,1.101,61.66,1390.97,832.85,385,1.437,-66.38,162,0.941
NIFTY BANK,fast,lock@0.5R,OTM2,0.505,549,35.2,768.1,768099.68,1.263,1.11,58.77,1399.09,830.02,385,1.454,-59.12,162,0.946
NIFTY BANK,fast,lock@1.0R,ITM2,-0.505,549,35.9,739.28,739275.88,1.215,1.086,70.95,1346.59,833.21,385,1.388,-90.99,162,0.929
NIFTY BANK,fast,lock@1.0R,ITM1,-0.252,549,35.5,749.32,749320.21,1.227,1.088,67.75,1364.88,834.5,385,1.404,-82.26,162,0.933
NIFTY BANK,fast,lock@1.0R,ATM,0.0,549,35.3,757.46,757463.94,1.238,1.094,64.65,1379.72,834.39,385,1.42,-74.06,162,0.937
NIFTY BANK,fast,lock@1.0R,OTM1,0.252,549,35.2,763.64,763639.92,1.25,1.101,61.66,1390.97,832.85,385,1.437,-66.38,162,0.941
NIFTY BANK,fast,lock@1.0R,OTM2,0.505,549,35.2,768.1,768099.68,1.263,1.11,58.77,1399.09,830.02,385,1.454,-59.12,162,0.946
NIFTY BANK,fast,lock@1.5R,ITM2,-0.505,549,35.9,739.28,739275.88,1.215,1.086,70.95,1346.59,833.21,385,1.388,-90.99,162,0.929
NIFTY BANK,fast,lock@1.5R,ITM1,-0.252,549,35.5,749.32,749320.21,1.227,1.088,67.75,1364.88,834.5,385,1.404,-82.26,162,0.933
NIFTY BANK,fast,lock@1.5R,ATM,0.0,549,35.3,757.46,757463.94,1.238,1.094,64.65,1379.72,834.39,385,1.42,-74.06,162,0.937
NIFTY BANK,fast,lock@1.5R,OTM1,0.252,549,35.2,763.64,763639.92,1.25,1.101,61.66,1390.97,832.85,385,1.437,-66.38,162,0.941
NIFTY BANK,fast,lock@1.5R,OTM2,0.505,549,35.2,768.1,768099.68,1.263,1.11,58.77,1399.09,830.02,385,1.454,-59.12,162,0.946
NIFTY BANK,mid,off,ITM2,-0.505,332,33.7,975.83,975830.71,1.345,0.987,90.41,2939.25,1028.49,230,1.593,-55.4,102,0.949
NIFTY BANK,mid,off,ITM1,-0.252,332,33.7,974.37,974368.63,1.357,0.99,88.16,2934.85,1024.54,230,1.613,-52.81,102,0.95
NIFTY BANK,mid,off,ATM,0.0,332,33.4,971.44,971443.59,1.37,0.996,85.9,2926.03,1019.43,230,1.634,-50.5,102,0.95
NIFTY BANK,mid,off,OTM1,0.252,332,33.4,967.06,967060.28,1.383,1.002,83.96,2912.83,1013.12,230,1.656,-48.44,102,0.951
NIFTY BANK,mid,off,OTM2,0.505,332,33.4,961.44,961444.28,1.396,1.008,82.04,2895.92,1005.69,230,1.678,-46.49,102,0.951
NIFTY BANK,mid,lock@0.5R,ITM2,-0.505,332,33.7,975.83,975830.71,1.345,0.987,90.41,2939.25,1028.49,230,1.593,-55.4,102,0.949
NIFTY BANK,mid,lock@0.5R,ITM1,-0.252,332,33.7,974.37,974368.63,1.357,0.99,88.16,2934.85,1024.54,230,1.613,-52.81,102,0.95
NIFTY BANK,mid,lock@0.5R,ATM,0.0,332,33.4,971.44,971443.59,1.37,0.996,85.9,2926.03,1019.43,230,1.634,-50.5,102,0.95
NIFTY BANK,mid,lock@0.5R,OTM1,0.252,332,33.4,967.06,967060.28,1.383,1.002,83.96,2912.83,1013.12,230,1.656,-48.44,102,0.951
NIFTY BANK,mid,lock@0.5R,OTM2,0.505,332,33.4,961.44,961444.28,1.396,1.008,82.04,2895.92,1005.69,230,1.678,-46.49,102,0.951
NIFTY BANK,mid,lock@1.0R,ITM2,-0.505,332,33.7,975.83,975830.71,1.345,0.987,90.41,2939.25,1028.49,230,1.593,-55.4,102,0.949
NIFTY BANK,mid,lock@1.0R,ITM1,-0.252,332,33.7,974.37,974368.63,1.357,0.99,88.16,2934.85,1024.54,230,1.613,-52.81,102,0.95
NIFTY BANK,mid,lock@1.0R,ATM,0.0,332,33.4,971.44,971443.59,1.37,0.996,85.9,2926.03,1019.43,230,1.634,-50.5,102,0.95
NIFTY BANK,mid,lock@1.0R,OTM1,0.252,332,33.4,967.06,967060.28,1.383,1.002,83.96,2912.83,1013.12,230,1.656,-48.44,102,0.951
NIFTY BANK,mid,lock@1.0R,OTM2,0.505,332,33.4,961.44,961444.28,1.396,1.008,82.04,2895.92,1005.69,230,1.678,-46.49,102,0.951
NIFTY BANK,mid,lock@1.5R,ITM2,-0.505,332,33.7,975.83,975830.71,1.345,0.987,90.41,2939.25,1028.49,230,1.593,-55.4,102,0.949
NIFTY BANK,mid,lock@1.5R,ITM1,-0.252,332,33.7,974.37,974368.63,1.357,0.99,88.16,2934.85,1024.54,230,1.613,-52.81,102,0.95
NIFTY BANK,mid,lock@1.5R,ATM,0.0,332,33.4,971.44,971443.59,1.37,0.996,85.9,2926.03,1019.43,230,1.634,-50.5,102,0.95
NIFTY BANK,mid,lock@1.5R,OTM1,0.252,332,33.4,967.06,967060.28,1.383,1.002,83.96,2912.83,1013.12,230,1.656,-48.44,102,0.951
NIFTY BANK,mid,lock@1.5R,OTM2,0.505,332,33.4,961.44,961444.28,1.396,1.008,82.04,2895.92,1005.69,230,1.678,-46.49,102,0.951
NIFTY BANK,slow,off,ITM2,-0.505,189,27.0,402.95,402946.22,1.18,0.309,119.43,2131.99,778.13,128,1.602,-383.3,61,0.593
NIFTY BANK,slow,off,ITM1,-0.252,189,26.5,417.64,417635.59,1.194,-0.531,116.1,2209.71,777.74,128,1.625,-367.98,61,0.596
NIFTY BANK,slow,off,ATM,0.0,189,26.5,431.47,431468.95,1.208,0.138,112.69,2282.9,776.35,128,1.648,-352.5,61,0.599
NIFTY BANK,slow,off,OTM1,0.252,189,26.5,444.59,444594.36,1.222,0.454,109.21,2352.35,774.14,128,1.672,-336.87,61,0.603
NIFTY BANK,slow,off,OTM2,0.505,189,26.5,456.86,456861.26,1.238,0.628,105.69,2417.26,770.98,128,1.698,-321.18,61,0.607
NIFTY BANK,slow,lock@0.5R,ITM2,-0.505,189,27.0,402.95,402946.22,1.18,0.309,119.43,2131.99,778.13,128,1.602,-383.3,61,0.593
NIFTY BANK,slow,lock@0.5R,ITM1,-0.252,189,26.5,417.64,417635.59,1.194,-0.531,116.1,2209.71,777.74,128,1.625,-367.98,61,0.596
NIFTY BANK,slow,lock@0.5R,ATM,0.0,189,26.5,431.47,431468.95,1.208,0.138,112.69,2282.9,776.35,128,1.648,-352.5,61,0.599
NIFTY BANK,slow,lock@0.5R,OTM1,0.252,189,26.5,444.59,444594.36,1.222,0.454,109.21,2352.35,774.14,128,1.672,-336.87,61,0.603
NIFTY BANK,slow,lock@0.5R,OTM2,0.505,189,26.5,456.86,456861.26,1.238,0.628,105.69,2417.26,770.98,128,1.698,-321.18,61,0.607
NIFTY BANK,slow,lock@1.0R,ITM2,-0.505,189,27.0,402.95,402946.22,1.18,0.309,119.43,2131.99,778.13,128,1.602,-383.3,61,0.593
NIFTY BANK,slow,lock@1.0R,ITM1,-0.252,189,26.5,417.64,417635.59,1.194,-0.531,116.1,2209.71,777.74,128,1.625,-367.98,61,0.596
NIFTY BANK,slow,lock@1.0R,ATM,0.0,189,26.5,431.47,431468.95,1.208,0.138,112.69,2282.9,776.35,128,1.648,-352.5,61,0.599
NIFTY BANK,slow,lock@1.0R,OTM1,0.252,189,26.5,444.59,444594.36,1.222,0.454,109.21,2352.35,774.14,128,1.672,-336.87,61,0.603
NIFTY BANK,slow,lock@1.0R,OTM2,0.505,189,26.5,456.86,456861.26,1.238,0.628,105.69,2417.26,770.98,128,1.698,-321.18,61,0.607
NIFTY BANK,slow,lock@1.5R,ITM2,-0.505,189,27.0,402.95,402946.22,1.18,0.309,119.43,2131.99,778.13,128,1.602,-383.3,61,0.593
NIFTY BANK,slow,lock@1.5R,ITM1,-0.252,189,26.5,417.64,417635.59,1.194,-0.531,116.1,2209.71,777.74,128,1.625,-367.98,61,0.596
NIFTY BANK,slow,lock@1.5R,ATM,0.0,189,26.5,431.47,431468.95,1.208,0.138,112.69,2282.9,776.35,128,1.648,-352.5,61,0.599
NIFTY BANK,slow,lock@1.5R,OTM1,0.252,189,26.5,444.59,444594.36,1.222,0.454,109.21,2352.35,774.14,128,1.672,-336.87,61,0.603
NIFTY BANK,slow,lock@1.5R,OTM2,0.505,189,26.5,456.86,456861.26,1.238,0.628,105.69,2417.26,770.98,128,1.698,-321.18,61,0.607
NIFTY FIN SERVICE,fast,off,ITM2,-0.545,553,32.9,237.97,237971.03,1.151,1.033,44.41,430.33,257.3,392,1.256,-20.52,159,0.964
NIFTY FIN SERVICE,fast,off,ITM1,-0.272,553,32.5,241.51,241505.94,1.16,1.052,42.74,436.72,258.52,392,1.268,-18.13,159,0.967
NIFTY FIN SERVICE,fast,off,ATM,0.0,553,32.2,244.01,244014.09,1.168,1.07,41.08,441.26,258.82,392,1.28,-15.87,159,0.97
NIFTY FIN SERVICE,fast,off,OTM1,0.272,553,32.0,245.71,245712.56,1.177,1.087,39.45,444.33,258.59,392,1.292,-13.87,159,0.972
NIFTY FIN SERVICE,fast,off,OTM2,0.545,553,31.8,246.44,246444.46,1.186,1.104,37.88,445.65,257.56,392,1.304,-12.03,159,0.975
NIFTY FIN SERVICE,fast,lock@0.5R,ITM2,-0.545,553,32.9,237.97,237971.03,1.151,1.033,44.41,430.33,257.3,392,1.256,-20.52,159,0.964
NIFTY FIN SERVICE,fast,lock@0.5R,ITM1,-0.272,553,32.5,241.51,241505.94,1.16,1.052,42.74,436.72,258.52,392,1.268,-18.13,159,0.967
NIFTY FIN SERVICE,fast,lock@0.5R,ATM,0.0,553,32.2,244.01,244014.09,1.168,1.07,41.08,441.26,258.82,392,1.28,-15.87,159,0.97
NIFTY FIN SERVICE,fast,lock@0.5R,OTM1,0.272,553,32.0,245.71,245712.56,1.177,1.087,39.45,444.33,258.59,392,1.292,-13.87,159,0.972
NIFTY FIN SERVICE,fast,lock@0.5R,OTM2,0.545,553,31.8,246.44,246444.46,1.186,1.104,37.88,445.65,257.56,392,1.304,-12.03,159,0.975
NIFTY FIN SERVICE,fast,lock@1.0R,ITM2,-0.545,553,32.9,237.97,237971.03,1.151,1.033,44.41,430.33,257.3,392,1.256,-20.52,159,0.964
NIFTY FIN SERVICE,fast,lock@1.0R,ITM1,-0.272,553,32.5,241.51,241505.94,1.16,1.052,42.74,436.72,258.52,392,1.268,-18.13,159,0.967
NIFTY FIN SERVICE,fast,lock@1.0R,ATM,0.0,553,32.2,244.01,244014.09,1.168,1.07,41.08,441.26,258.82,392,1.28,-15.87,159,0.97
NIFTY FIN SERVICE,fast,lock@1.0R,OTM1,0.272,553,32.0,245.71,245712.56,1.177,1.087,39.45,444.33,258.59,392,1.292,-13.87,159,0.972
NIFTY FIN SERVICE,fast,lock@1.0R,OTM2,0.545,553,31.8,246.44,246444.46,1.186,1.104,37.88,445.65,257.56,392,1.304,-12.03,159,0.975
NIFTY FIN SERVICE,fast,lock@1.5R,ITM2,-0.545,553,32.9,237.97,237971.03,1.151,1.033,44.41,430.33,257.3,392,1.256,-20.52,159,0.964
NIFTY FIN SERVICE,fast,lock@1.5R,ITM1,-0.272,553,32.5,241.51,241505.94,1.16,1.052,42.74,436.72,258.52,392,1.268,-18.13,159,0.967
NIFTY FIN SERVICE,fast,lock@1.5R,ATM,0.0,553,32.2,244.01,244014.09,1.168,1.07,41.08,441.26,258.82,392,1.28,-15.87,159,0.97
NIFTY FIN SERVICE,fast,lock@1.5R,OTM1,0.272,553,32.0,245.71,245712.56,1.177,1.087,39.45,444.33,258.59,392,1.292,-13.87,159,0.972
NIFTY FIN SERVICE,fast,lock@1.5R,OTM2,0.545,553,31.8,246.44,246444.46,1.186,1.104,37.88,445.65,257.56,392,1.304,-12.03,159,0.975
NIFTY FIN SERVICE,mid,off,ITM2,-0.545,351,31.6,304.8,304803.01,1.209,1.102,42.13,868.38,427.55,242,1.514,-130.4,109,0.79
NIFTY FIN SERVICE,mid,off,ITM1,-0.272,351,31.3,310.45,310449.21,1.222,1.109,41.8,884.47,426.46,242,1.533,-123.5,109,0.793
NIFTY FIN SERVICE,mid,off,ATM,0.0,351,31.1,315.32,315318.08,1.235,1.117,41.41,898.34,424.73,242,1.553,-116.69,109,0.796
NIFTY FIN SERVICE,mid,off,OTM1,0.272,351,30.8,319.51,319507.81,1.248,1.125,40.99,910.28,422.57,242,1.574,-110.12,109,0.799
NIFTY FIN SERVICE,mid,off,OTM2,0.545,351,30.5,322.82,322824.11,1.262,1.132,40.54,919.73,419.75,242,1.595,-103.76,109,0.802
NIFTY FIN SERVICE,mid,lock@0.5R,ITM2,-0.545,351,31.6,304.8,304803.01,1.209,1.102,42.13,868.38,427.55,242,1.514,-130.4,109,0.79
NIFTY FIN SERVICE,mid,lock@0.5R,ITM1,-0.272,351,31.3,310.45,310449.21,1.222,1.109,41.8,884.47,426.46,242,1.533,-123.5,109,0.793
NIFTY FIN SERVICE,mid,lock@0.5R,ATM,0.0,351,31.1,315.32,315318.08,1.235,1.117,41.41,898.34,424.73,242,1.553,-116.69,109,0.796
NIFTY FIN SERVICE,mid,lock@0.5R,OTM1,0.272,351,30.8,319.51,319507.81,1.248,1.125,40.99,910.28,422.57,242,1.574,-110.12,109,0.799
NIFTY FIN SERVICE,mid,lock@0.5R,OTM2,0.545,351,30.5,322.82,322824.11,1.262,1.132,40.54,919.73,419.75,242,1.595,-103.76,109,0.802
NIFTY FIN SERVICE,mid,lock@1.0R,ITM2,-0.545,351,31.6,304.8,304803.01,1.209,1.102,42.13,868.38,427.55,242,1.514,-130.4,109,0.79
NIFTY FIN SERVICE,mid,lock@1.0R,ITM1,-0.272,351,31.3,310.45,310449.21,1.222,1.109,41.8,884.47,426.46,242,1.533,-123.5,109,0.793
NIFTY FIN SERVICE,mid,lock@1.0R,ATM,0.0,351,31.1,315.32,315318.08,1.235,1.117,41.41,898.34,424.73,242,1.553,-116.69,109,0.796
NIFTY FIN SERVICE,mid,lock@1.0R,OTM1,0.272,351,30.8,319.51,319507.81,1.248,1.125,40.99,910.28,422.57,242,1.574,-110.12,109,0.799
NIFTY FIN SERVICE,mid,lock@1.0R,OTM2,0.545,351,30.5,322.82,322824.11,1.262,1.132,40.54,919.73,419.75,242,1.595,-103.76,109,0.802
NIFTY FIN SERVICE,mid,lock@1.5R,ITM2,-0.545,351,31.6,304.8,304803.01,1.209,1.102,42.13,868.38,427.55,242,1.514,-130.4,109,0.79
NIFTY FIN SERVICE,mid,lock@1.5R,ITM1,-0.272,351,31.3,310.45,310449.21,1.222,1.109,41.8,884.47,426.46,242,1.533,-123.5,109,0.793
NIFTY FIN SERVICE,mid,lock@1.5R,ATM,0.0,351,31.1,315.32,315318.08,1.235,1.117,41.41,898.34,424.73,242,1.553,-116.69,109,0.796
NIFTY FIN SERVICE,mid,lock@1.5R,OTM1,0.272,351,30.8,319.51,319507.81,1.248,1.125,40.99,910.28,422.57,242,1.574,-110.12,109,0.799
NIFTY FIN SERVICE,mid,lock@1.5R,OTM2,0.545,351,30.5,322.82,322824.11,1.262,1.132,40.54,919.73,419.75,242,1.595,-103.76,109,0.802
NIFTY FIN SERVICE,slow,off,ITM2,-0.545,196,26.5,40.8,40796.01,1.038,0.937,80.0,208.14,225.57,134,1.35,-193.79,62,0.556
NIFTY FIN SERVICE,slow,off,ITM1,-0.272,196,26.5,49.96,49960.23,1.048,0.942,77.61,254.9,229.09,134,1.37,-188.0,62,0.553
NIFTY FIN SERVICE,slow,off,ATM,0.0,196,26.5,58.69,58692.64,1.059,0.949,75.29,299.45,232.11,134,1.39,-182.11,62,0.55
NIFTY FIN SERVICE,slow,off,OTM1,0.272,196,26.5,67.11,67110.04,1.07,0.957,73.03,342.4,234.88,134,1.412,-176.28,62,0.546
NIFTY FIN SERVICE,slow,off,OTM2,0.545,196,26.5,75.22,75222.12,1.082,0.967,70.8,383.79,237.28,134,1.435,-170.36,62,0.543
NIFTY FIN SERVICE,slow,lock@0.5R,ITM2,-0.545,196,26.5,40.8,40796.01,1.038,0.937,80.0,208.14,225.57,134,1.35,-193.79,62,0.556
NIFTY FIN SERVICE,slow,lock@0.5R,ITM1,-0.272,196,26.5,49.96,49960.23,1.048,0.942,77.61,254.9,229.09,134,1.37,-188.0,62,0.553
NIFTY FIN SERVICE,slow,lock@0.5R,ATM,0.0,196,26.5,58.69,58692.64,1.059,0.949,75.29,299.45,232.11,134,1.39,-182.11,62,0.55
NIFTY FIN SERVICE,slow,lock@0.5R,OTM1,0.272,196,26.5,67.11,67110.04,1.07,0.957,73.03,342.4,234.88,134,1.412,-176.28,62,0.546
NIFTY FIN SERVICE,slow,lock@0.5R,OTM2,0.545,196,26.5,75.22,75222.12,1.082,0.967,70.8,383.79,237.28,134,1.435,-170.36,62,0.543
NIFTY FIN SERVICE,slow,lock@1.0R,ITM2,-0.545,196,26.5,40.8,40796.01,1.038,0.937,80.0,208.14,225.57,134,1.35,-193.79,62,0.556
NIFTY FIN SERVICE,slow,lock@1.0R,ITM1,-0.272,196,26.5,49.96,49960.23,1.048,0.942,77.61,254.9,229.09,134,1.37,-188.0,62,0.553
NIFTY FIN SERVICE,slow,lock@1.0R,ATM,0.0,196,26.5,58.69,58692.64,1.059,0.949,75.29,299.45,232.11,134,1.39,-182.11,62,0.55
NIFTY FIN SERVICE,slow,lock@1.0R,OTM1,0.272,196,26.5,67.11,67110.04,1.07,0.957,73.03,342.4,234.88,134,1.412,-176.28,62,0.546
NIFTY FIN SERVICE,slow,lock@1.0R,OTM2,0.545,196,26.5,75.22,75222.12,1.082,0.967,70.8,383.79,237.28,134,1.435,-170.36,62,0.543
NIFTY FIN SERVICE,slow,lock@1.5R,ITM2,-0.545,196,26.5,40.8,40796.01,1.038,0.937,80.0,208.14,225.57,134,1.35,-193.79,62,0.556
NIFTY FIN SERVICE,slow,lock@1.5R,ITM1,-0.272,196,26.5,49.96,49960.23,1.048,0.942,77.61,254.9,229.09,134,1.37,-188.0,62,0.553
NIFTY FIN SERVICE,slow,lock@1.5R,ATM,0.0,196,26.5,58.69,58692.64,1.059,0.949,75.29,299.45,232.11,134,1.39,-182.11,62,0.55
NIFTY FIN SERVICE,slow,lock@1.5R,OTM1,0.272,196,26.5,67.11,67110.04,1.07,0.957,73.03,342.4,234.88,134,1.412,-176.28,62,0.546
NIFTY FIN SERVICE,slow,lock@1.5R,OTM2,0.545,196,26.5,75.22,75222.12,1.082,0.967,70.8,383.79,237.28,134,1.435,-170.36,62,0.543
SENSEX,fast,off,ITM2,-0.335,545,30.8,166.48,166482.35,1.04,-0.693,149.84,305.47,395.35,385,1.151,-220.79,158,0.858
SENSEX,fast,off,ITM1,-0.167,545,30.8,168.09,168091.57,1.041,-0.831,147.39,308.42,394.04,385,1.154,-217.93,158,0.856
SENSEX,fast,off,ATM,0.0,545,30.8,169.17,169173.65,1.042,-0.823,144.95,310.41,392.28,385,1.158,-215.17,158,0.854
SENSEX,fast,off,OTM1,0.167,545,30.6,169.45,169453.48,1.044,0.605,142.53,310.92,389.85,385,1.161,-212.54,158,0.853
SENSEX,fast,off,OTM2,0.335,545,30.6,169.25,169249.33,1.045,-0.239,140.14,310.55,387.01,385,1.164,-209.98,158,0.85
SENSEX,fast,lock@0.5R,ITM2,-0.335,545,30.8,166.48,166482.35,1.04,-0.693,149.84,305.47,395.35,385,1.151,-220.79,158,0.858
SENSEX,fast,lock@0.5R,ITM1,-0.167,545,30.8,168.09,168091.57,1.041,-0.831,147.39,308.42,394.04,385,1.154,-217.93,158,0.856
SENSEX,fast,lock@0.5R,ATM,0.0,545,30.8,169.17,169173.65,1.042,-0.823,144.95,310.41,392.28,385,1.158,-215.17,158,0.854
SENSEX,fast,lock@0.5R,OTM1,0.167,545,30.6,169.45,169453.48,1.044,0.605,142.53,310.92,389.85,385,1.161,-212.54,158,0.853
SENSEX,fast,lock@0.5R,OTM2,0.335,545,30.6,169.25,169249.33,1.045,-0.239,140.14,310.55,387.01,385,1.164,-209.98,158,0.85
SENSEX,fast,lock@1.0R,ITM2,-0.335,545,30.8,166.48,166482.35,1.04,-0.693,149.84,305.47,395.35,385,1.151,-220.79,158,0.858
SENSEX,fast,lock@1.0R,ITM1,-0.167,545,30.8,168.09,168091.57,1.041,-0.831,147.39,308.42,394.04,385,1.154,-217.93,158,0.856
SENSEX,fast,lock@1.0R,ATM,0.0,545,30.8,169.17,169173.65,1.042,-0.823,144.95,310.41,392.28,385,1.158,-215.17,158,0.854
SENSEX,fast,lock@1.0R,OTM1,0.167,545,30.6,169.45,169453.48,1.044,0.605,142.53,310.92,389.85,385,1.161,-212.54,158,0.853
SENSEX,fast,lock@1.0R,OTM2,0.335,545,30.6,169.25,169249.33,1.045,-0.239,140.14,310.55,387.01,385,1.164,-209.98,158,0.85
SENSEX,fast,lock@1.5R,ITM2,-0.335,545,30.8,166.48,166482.35,1.04,-0.693,149.84,305.47,395.35,385,1.151,-220.79,158,0.858
SENSEX,fast,lock@1.5R,ITM1,-0.167,545,30.8,168.09,168091.57,1.041,-0.831,147.39,308.42,394.04,385,1.154,-217.93,158,0.856
SENSEX,fast,lock@1.5R,ATM,0.0,545,30.8,169.17,169173.65,1.042,-0.823,144.95,310.41,392.28,385,1.158,-215.17,158,0.854
SENSEX,fast,lock@1.5R,OTM1,0.167,545,30.6,169.45,169453.48,1.044,0.605,142.53,310.92,389.85,385,1.161,-212.54,158,0.853
SENSEX,fast,lock@1.5R,OTM2,0.335,545,30.6,169.25,169249.33,1.045,-0.239,140.14,310.55,387.01,385,1.164,-209.98,158,0.85
SENSEX,mid,off,ITM2,-0.335,358,30.2,-78.94,-78944.35,0.98,0.791,114.35,-220.51,95.98,252,1.04,-212.35,107,0.857
SENSEX,mid,off,ITM1,-0.167,358,30.2,-80.51,-80508.95,0.979,-1.509,114.08,-224.89,94.36,252,1.04,-210.98,107,0.855
SENSEX,mid,off,ATM,0.0,358,30.2,-82.21,-82213.04,0.978,-1.621,113.76,-229.65,92.56,252,1.04,-209.57,107,0.852
SENSEX,mid,off,OTM1,0.167,358,30.2,-84.33,-84332.98,0.977,-1.74,113.42,-235.57,90.34,252,1.04,-208.17,107,0.849
SENSEX,mid,off,OTM2,0.335,358,30.2,-86.64,-86639.87,0.975,-1.593,113.05,-242.01,87.88,252,1.04,-206.72,107,0.847
SENSEX,mid,lock@0.5R,ITM2,-0.335,358,30.2,-78.94,-78944.35,0.98,0.791,114.35,-220.51,95.98,252,1.04,-212.35,107,0.857
SENSEX,mid,lock@0.5R,ITM1,-0.167,358,30.2,-80.51,-80508.95,0.979,-1.509,114.08,-224.89,94.36,252,1.04,-210.98,107,0.855
SENSEX,mid,lock@0.5R,ATM,0.0,358,30.2,-82.21,-82213.04,0.978,-1.621,113.76,-229.65,92.56,252,1.04,-209.57,107,0.852
SENSEX,mid,lock@0.5R,OTM1,0.167,358,30.2,-84.33,-84332.98,0.977,-1.74,113.42,-235.57,90.34,252,1.04,-208.17,107,0.849
SENSEX,mid,lock@0.5R,OTM2,0.335,358,30.2,-86.64,-86639.87,0.975,-1.593,113.05,-242.01,87.88,252,1.04,-206.72,107,0.847
SENSEX,mid,lock@1.0R,ITM2,-0.335,358,30.2,-78.94,-78944.35,0.98,0.791,114.35,-220.51,95.98,252,1.04,-212.35,107,0.857
SENSEX,mid,lock@1.0R,ITM1,-0.167,358,30.2,-80.51,-80508.95,0.979,-1.509,114.08,-224.89,94.36,252,1.04,-210.98,107,0.855
SENSEX,mid,lock@1.0R,ATM,0.0,358,30.2,-82.21,-82213.04,0.978,-1.621,113.76,-229.65,92.56,252,1.04,-209.57,107,0.852
SENSEX,mid,lock@1.0R,OTM1,0.167,358,30.2,-84.33,-84332.98,0.977,-1.74,113.42,-235.57,90.34,252,1.04,-208.17,107,0.849
SENSEX,mid,lock@1.0R,OTM2,0.335,358,30.2,-86.64,-86639.87,0.975,-1.593,113.05,-242.01,87.88,252,1.04,-206.72,107,0.847
SENSEX,mid,lock@1.5R,ITM2,-0.335,358,30.2,-78.94,-78944.35,0.98,0.791,114.35,-220.51,95.98,252,1.04,-212.35,107,0.857
SENSEX,mid,lock@1.5R,ITM1,-0.167,358,30.2,-80.51,-80508.95,0.979,-1.509,114.08,-224.89,94.36,252,1.04,-210.98,107,0.855
SENSEX,mid,lock@1.5R,ATM,0.0,358,30.2,-82.21,-82213.04,0.978,-1.621,113.76,-229.65,92.56,252,1.04,-209.57,107,0.852
SENSEX,mid,lock@1.5R,OTM1,0.167,358,30.2,-84.33,-84332.98,0.977,-1.74,113.42,-235.57,90.34,252,1.04,-208.17,107,0.849
SENSEX,mid,lock@1.5R,OTM2,0.335,358,30.2,-86.64,-86639.87,0.975,-1.593,113.05,-242.01,87.88,252,1.04,-206.72,107,0.847
SENSEX,slow,off,ITM2,-0.335,201,25.9,-598.41,-598409.3,0.79,-1.737,283.42,-2977.16,-65.91,142,0.962,-563.84,59,0.506
SENSEX,slow,off,ITM1,-0.167,201,25.9,-592.24,-592236.1,0.788,-2.07,281.52,-2946.45,-65.14,142,0.961,-557.43,59,0.501
SENSEX,slow,off,ATM,0.0,201,25.4,-585.72,-585722.69,0.785,-1.774,279.49,-2914.04,-64.29,142,0.961,-550.77,59,0.495
SENSEX,slow,off,OTM1,0.167,201,25.4,-579.08,-579082.33,0.783,-2.317,277.43,-2881.01,-63.5,142,0.961,-543.9,59,0.49
SENSEX,slow,off,OTM2,0.335,201,24.9,-572.04,-572043.89,0.78,-2.03,275.25,-2845.99,-62.59,142,0.96,-536.78,59,0.485
SENSEX,slow,lock@0.5R,ITM2,-0.335,201,25.9,-598.41,-598409.3,0.79,-1.737,283.42,-2977.16,-65.91,142,0.962,-563.84,59,0.506
SENSEX,slow,lock@0.5R,ITM1,-0.167,201,25.9,-592.24,-592236.1,0.788,-2.07,281.52,-2946.45,-65.14,142,0.961,-557.43,59,0.501
SENSEX,slow,lock@0.5R,ATM,0.0,201,25.4,-585.72,-585722.69,0.785,-1.774,279.49,-2914.04,-64.29,142,0.961,-550.77,59,0.495
SENSEX,slow,lock@0.5R,OTM1,0.167,201,25.4,-579.08,-579082.33,0.783,-2.317,277.43,-2881.01,-63.5,142,0.961,-543.9,59,0.49
SENSEX,slow,lock@0.5R,OTM2,0.335,201,24.9,-572.04,-572043.89,0.78,-2.03,275.25,-2845.99,-62.59,142,0.96,-536.78,59,0.485
SENSEX,slow,lock@1.0R,ITM2,-0.335,201,25.9,-598.41,-598409.3,0.79,-1.737,283.42,-2977.16,-65.91,142,0.962,-563.84,59,0.506
SENSEX,slow,lock@1.0R,ITM1,-0.167,201,25.9,-592.24,-592236.1,0.788,-2.07,281.52,-2946.45,-65.14,142,0.961,-557.43,59,0.501
SENSEX,slow,lock@1.0R,ATM,0.0,201,25.4,-585.72,-585722.69,0.785,-1.774,279.49,-2914.04,-64.29,142,0.961,-550.77,59,0.495
SENSEX,slow,lock@1.0R,OTM1,0.167,201,25.4,-579.08,-579082.33,0.783,-2.317,277.43,-2881.01,-63.5,142,0.961,-543.9,59,0.49
SENSEX,slow,lock@1.0R,OTM2,0.335,201,24.9,-572.04,-572043.89,0.78,-2.03,275.25,-2845.99,-62.59,142,0.96,-536.78,59,0.485
SENSEX,slow,lock@1.5R,ITM2,-0.335,201,25.9,-598.41,-598409.3,0.79,-1.737,283.42,-2977.16,-65.91,142,0.962,-563.84,59,0.506
SENSEX,slow,lock@1.5R,ITM1,-0.167,201,25.9,-592.24,-592236.1,0.788,-2.07,281.52,-2946.45,-65.14,142,0.961,-557.43,59,0.501
SENSEX,slow,lock@1.5R,ATM,0.0,201,25.4,-585.72,-585722.69,0.785,-1.774,279.49,-2914.04,-64.29,142,0.961,-550.77,59,0.495
SENSEX,slow,lock@1.5R,OTM1,0.167,201,25.4,-579.08,-579082.33,0.783,-2.317,277.43,-2881.01,-63.5,142,0.961,-543.9,59,0.49
SENSEX,slow,lock@1.5R,OTM2,0.335,201,24.9,-572.04,-572043.89,0.78,-2.03,275.25,-2845.99,-62.59,142,0.96,-536.78,59,0.485
